Timestamp,FREQ,PIP,PDP,AMPS,NOISE
2026-06-23 08:00:00,50.0,862.35,2493.12,46.59,طبيعي (Normal)
2026-06-23 08:05:00,50.0,846.09,2425.18,47.06,طبيعي (Normal)
2026-06-23 08:10:00,50.0,888.47,2480.87,45.21,طبيعي (Normal)
2026-06-23 08:15:00,50.0,833.41,2426.8,46.24,طبيعي (Normal)
2026-06-23 08:20:00,50.0,884.63,2410.84,46.57,طبيعي (Normal)
2026-06-23 08:25:00,50.0,849.45,2384.0,46.11,طبيعي (Normal)
2026-06-23 08:30:00,50.0,849.31,2442.66,46.21,طبيعي (Normal)
2026-06-23 08:35:00,50.0,853.23,2480.55,45.93,طبيعي (Normal)
2026-06-23 08:40:00,50.0,834.99,2457.74,44.25,طبيعي (Normal)
2026-06-23 08:45:00,50.0,857.76,2495.9,46.39,طبيعي (Normal)
2026-06-23 08:50:00,50.0,834.71,2427.06,46.15,طبيعي (Normal)
2026-06-23 08:55:00,50.0,839.88,2464.57,46.43,طبيعي (Normal)
2026-06-23 09:00:00,50.0,856.39,2448.82,45.95,طبيعي (Normal)
2026-06-23 09:05:00,50.0,820.95,2397.15,45.52,طبيعي (Normal)
2026-06-23 09:10:00,50.0,835.75,2424.67,45.83,طبيعي (Normal)
2026-06-23 09:15:00,50.0,839.34,2406.82,46.22,طبيعي (Normal)
2026-06-23 09:20:00,50.0,849.57,2421.65,45.42,طبيعي (Normal)
2026-06-23 09:25:00,50.0,870.01,2403.95,46.13,طبيعي (Normal)
2026-06-23 09:30:00,50.0,852.5,2399.32,45.36,طبيعي (Normal)
2026-06-23 09:35:00,50.0,853.14,2497.38,46.16,طبيعي (Normal)
2026-06-23 09:40:00,50.0,838.34,2485.1,47.03,طبيعي (Normal)
2026-06-23 09:45:00,50.0,874.85,2465.54,45.92,طبيعي (Normal)
2026-06-23 09:50:00,50.0,852.49,2450.99,46.9,طبيعي (Normal)
2026-06-23 09:55:00,50.0,846.71,2499.48,45.14,طبيعي (Normal)
2026-06-23 10:00:00,50.0,873.67,2443.56,46.63,طبيعي (Normal)
2026-06-23 10:05:00,50.0,858.67,2427.21,45.4,طبيعي (Normal)
2026-06-23 10:10:00,50.0,845.73,2459.36,46.69,طبيعي (Normal)
2026-06-23 10:15:00,50.0,852.5,2457.43,45.21,طبيعي (Normal)
2026-06-23 10:20:00,50.0,867.6,2443.53,46.82,طبيعي (Normal)
2026-06-23 10:25:00,50.0,843.48,2427.1,44.89,طبيعي (Normal)
2026-06-23 10:30:00,50.0,840.91,2446.18,47.16,طبيعي (Normal)
2026-06-23 10:35:00,50.0,868.05,2436.5,46.56,طبيعي (Normal)
2026-06-23 10:40:00,50.0,844.38,2459.47,44.73,طبيعي (Normal)
2026-06-23 10:45:00,50.0,847.89,2487.63,47.08,طبيعي (Normal)
2026-06-23 10:50:00,50.0,849.86,2480.23,45.52,طبيعي (Normal)
2026-06-23 10:55:00,50.0,856.75,2443.26,46.92,طبيعي (Normal)
2026-06-23 11:00:00,50.0,841.32,2496.47,46.67,طبيعي (Normal)
2026-06-23 11:05:00,50.0,848.34,2470.03,45.89,طبيعي (Normal)
2026-06-23 11:10:00,50.0,861.48,2424.31,46.15,طبيعي (Normal)
2026-06-23 11:15:00,50.0,858.55,2407.22,46.96,طبيعي (Normal)
2026-06-23 11:20:00,50.0,818.7,2440.74,46.99,طبيعي (Normal)
2026-06-23 11:25:00,50.0,865.98,2456.66,46.81,طبيعي (Normal)
2026-06-23 11:30:00,50.0,851.34,2398.09,46.35,طبيعي (Normal)
2026-06-23 11:35:00,50.0,865.38,2403.58,46.4,طبيعي (Normal)
2026-06-23 11:40:00,50.0,836.23,2429.07,45.29,طبيعي (Normal)
2026-06-23 11:45:00,50.0,861.61,2468.0,47.02,طبيعي (Normal)
2026-06-23 11:50:00,50.0,855.38,2468.61,46.72,طبيعي (Normal)
2026-06-23 11:55:00,50.0,864.18,2480.06,45.68,طبيعي (Normal)
2026-06-23 12:00:00,50.0,844.99,2423.39,46.61,طبيعي (Normal)
2026-06-23 12:05:00,50.0,830.17,2424.89,46.29,طبيعي (Normal)
2026-06-23 12:10:00,50.0,848.51,2422.9,46.08,طبيعي (Normal)
2026-06-23 12:15:00,50.0,863.94,2434.05,45.93,طبيعي (Normal)
2026-06-23 12:20:00,50.0,853.69,2474.09,46.53,طبيعي (Normal)
2026-06-23 12:25:00,50.0,846.57,2447.75,44.43,طبيعي (Normal)
2026-06-23 12:30:00,50.0,851.86,2430.07,45.46,طبيعي (Normal)
2026-06-23 12:35:00,50.0,842.4,2483.43,46.07,طبيعي (Normal)
2026-06-23 12:40:00,50.0,849.44,2449.82,45.9,طبيعي (Normal)
2026-06-23 12:45:00,50.0,847.84,2448.77,45.74,طبيعي (Normal)
2026-06-23 12:50:00,50.0,873.07,2460.53,45.44,طبيعي (Normal)
2026-06-23 12:55:00,50.0,838.98,2414.85,46.7,طبيعي (Normal)
2026-06-23 13:00:00,50.0,839.4,2487.93,46.91,طبيعي (Normal)
2026-06-23 13:05:00,50.0,844.24,2388.38,45.65,طبيعي (Normal)
2026-06-23 13:10:00,50.0,848.44,2417.69,45.62,طبيعي (Normal)
2026-06-23 13:15:00,50.0,871.03,2467.07,45.97,طبيعي (Normal)
2026-06-23 13:20:00,50.0,844.81,2437.55,45.95,طبيعي (Normal)
2026-06-23 13:25:00,50.0,847.99,2441.54,46.02,طبيعي (Normal)
2026-06-23 13:30:00,50.0,854.49,2447.22,45.2,طبيعي (Normal)
2026-06-23 13:35:00,50.0,857.26,2430.1,46.8,طبيعي (Normal)
2026-06-23 13:40:00,50.0,823.05,2447.52,44.43,طبيعي (Normal)
2026-06-23 13:45:00,50.0,849.59,2429.34,44.69,طبيعي (Normal)
2026-06-23 13:50:00,50.0,834.64,2448.85,46.06,طبيعي (Normal)
2026-06-23 13:55:00,50.0,850.06,2437.35,46.64,طبيعي (Normal)
2026-06-23 14:00:00,50.0,887.4,2507.88,46.65,طبيعي (Normal)
2026-06-23 14:05:00,50.0,850.3,2477.54,46.05,طبيعي (Normal)
2026-06-23 14:10:00,50.0,848.66,2450.25,44.23,طبيعي (Normal)
2026-06-23 14:15:00,50.0,855.13,2410.26,45.72,طبيعي (Normal)
2026-06-23 14:20:00,50.0,874.02,2458.08,46.35,طبيعي (Normal)
2026-06-23 14:25:00,50.0,849.64,2465.35,44.64,طبيعي (Normal)
2026-06-23 14:30:00,50.0,845.47,2431.97,46.26,طبيعي (Normal)
2026-06-23 14:35:00,50.0,844.57,2414.42,46.82,طبيعي (Normal)
2026-06-23 14:40:00,50.0,856.01,2406.29,47.23,طبيعي (Normal)
2026-06-23 14:45:00,50.0,861.7,2464.56,46.79,طبيعي (Normal)
2026-06-23 14:50:00,50.0,822.54,2430.71,44.7,طبيعي (Normal)
2026-06-23 14:55:00,50.0,855.54,2450.03,45.9,طبيعي (Normal)
2026-06-23 15:00:00,50.0,860.49,2407.73,46.21,طبيعي (Normal)
2026-06-23 15:05:00,50.0,854.08,2475.94,45.79,طبيعي (Normal)
2026-06-23 15:10:00,50.0,845.84,2448.03,45.6,طبيعي (Normal)
2026-06-23 15:15:00,50.0,809.93,2491.59,44.4,طبيعي (Normal)
2026-06-23 15:20:00,50.0,842.69,2453.59,46.39,طبيعي (Normal)
2026-06-23 15:25:00,50.0,837.32,2455.99,45.18,طبيعي (Normal)
2026-06-23 15:30:00,50.0,887.09,2362.29,45.77,طبيعي (Normal)
2026-06-23 15:35:00,50.0,859.68,2482.41,46.05,طبيعي (Normal)
2026-06-23 15:40:00,50.0,871.1,2450.33,45.32,طبيعي (Normal)
2026-06-23 15:45:00,50.0,860.56,2493.1,46.32,طبيعي (Normal)
2026-06-23 15:50:00,50.0,823.08,2477.07,45.55,طبيعي (Normal)
2026-06-23 15:55:00,50.0,857.65,2462.16,46.66,طبيعي (Normal)
2026-06-23 16:00:00,50.0,863.14,2449.46,46.21,طبيعي (Normal)
2026-06-23 16:05:00,50.0,830.9,2468.85,45.67,طبيعي (Normal)
2026-06-23 16:10:00,50.0,858.68,2403.87,45.18,طبيعي (Normal)
2026-06-23 16:15:00,50.0,826.77,2438.41,46.51,طبيعي (Normal)
2026-06-23 16:20:00,50.0,876.33,2432.03,46.26,طبيعي (Normal)
2026-06-23 16:25:00,50.0,853.62,2499.88,48.06,طبيعي (Normal)
2026-06-23 16:30:00,50.0,817.34,2482.48,47.19,طبيعي (Normal)
2026-06-23 16:35:00,50.0,835.44,2475.24,47.94,طبيعي (Normal)
2026-06-23 16:40:00,50.0,836.25,2446.63,46.92,طبيعي (Normal)
2026-06-23 16:45:00,50.0,840.86,2471.69,45.59,طبيعي (Normal)
2026-06-23 16:50:00,50.0,845.35,2486.89,44.76,طبيعي (Normal)
2026-06-23 16:55:00,50.0,854.42,2433.27,46.78,طبيعي (Normal)
2026-06-23 17:00:00,50.0,834.89,2463.58,46.0,طبيعي (Normal)
2026-06-23 17:05:00,50.0,869.54,2443.02,47.12,طبيعي (Normal)
2026-06-23 17:10:00,50.0,865.63,2439.83,45.75,طبيعي (Normal)
2026-06-23 17:15:00,50.0,854.24,2448.46,45.01,طبيعي (Normal)
2026-06-23 17:20:00,50.0,842.45,2425.57,46.39,طبيعي (Normal)
2026-06-23 17:25:00,50.0,848.66,2454.37,46.01,طبيعي (Normal)
2026-06-23 17:30:00,50.0,868.46,2490.88,45.68,طبيعي (Normal)
2026-06-23 17:35:00,50.0,829.4,2436.88,46.83,طبيعي (Normal)
2026-06-23 17:40:00,50.0,836.43,2427.35,46.21,طبيعي (Normal)
2026-06-23 17:45:00,50.0,818.56,2418.75,47.38,طبيعي (Normal)
2026-06-23 17:50:00,50.0,831.61,2486.44,45.93,طبيعي (Normal)
2026-06-23 17:55:00,50.0,859.29,2415.53,44.8,طبيعي (Normal)
2026-06-23 18:00:00,50.0,856.85,2466.05,45.42,طبيعي (Normal)
2026-06-23 18:05:00,50.0,872.82,2485.14,45.89,طبيعي (Normal)
2026-06-23 18:10:00,50.0,853.58,2457.68,45.98,طبيعي (Normal)
2026-06-23 18:15:00,50.0,854.71,2479.05,46.25,طبيعي (Normal)
2026-06-23 18:20:00,50.0,866.02,2473.45,45.55,طبيعي (Normal)
2026-06-23 18:25:00,50.0,836.86,2498.67,47.17,طبيعي (Normal)
2026-06-23 18:30:00,50.0,836.58,2440.73,47.07,طبيعي (Normal)
2026-06-23 18:35:00,50.0,822.2,2474.63,46.96,طبيعي (Normal)
2026-06-23 18:40:00,50.0,840.16,2474.66,47.23,طبيعي (Normal)
2026-06-23 18:45:00,50.0,869.09,2425.22,46.16,طبيعي (Normal)
2026-06-23 18:50:00,50.0,855.54,2439.54,47.07,طبيعي (Normal)
2026-06-23 18:55:00,50.0,858.44,2497.61,44.59,طبيعي (Normal)
2026-06-23 19:00:00,50.0,853.85,2419.42,45.23,طبيعي (Normal)
2026-06-23 19:05:00,50.0,854.52,2458.96,45.98,طبيعي (Normal)
2026-06-23 19:10:00,50.0,847.85,2423.2,46.4,طبيعي (Normal)
2026-06-23 19:15:00,50.0,829.39,2417.07,45.17,طبيعي (Normal)
2026-06-23 19:20:00,50.0,848.82,2453.75,44.74,طبيعي (Normal)
2026-06-23 19:25:00,50.0,847.95,2426.24,45.83,طبيعي (Normal)
2026-06-23 19:30:00,50.0,864.83,2492.58,46.44,طبيعي (Normal)
2026-06-23 19:35:00,50.0,832.8,2472.26,45.51,طبيعي (Normal)
2026-06-23 19:40:00,50.0,849.16,2450.81,46.6,طبيعي (Normal)
2026-06-23 19:45:00,50.0,856.27,2397.67,45.97,طبيعي (Normal)
2026-06-23 19:50:00,50.0,843.78,2459.17,45.32,طبيعي (Normal)
2026-06-23 19:55:00,50.0,822.72,2450.7,44.43,طبيعي (Normal)
2026-06-23 20:00:00,50.0,855.26,2442.73,45.51,طبيعي (Normal)
2026-06-23 20:05:00,50.0,863.85,2429.54,46.96,طبيعي (Normal)
2026-06-23 20:10:00,50.0,855.96,2479.06,46.94,طبيعي (Normal)
2026-06-23 20:15:00,50.0,838.9,2406.34,44.74,طبيعي (Normal)
2026-06-23 20:20:00,50.0,856.93,2489.49,46.25,طبيعي (Normal)
2026-06-23 20:25:00,50.0,831.92,2439.81,45.52,طبيعي (Normal)
2026-06-23 20:30:00,50.0,876.29,2432.04,46.36,طبيعي (Normal)
2026-06-23 20:35:00,50.0,849.16,2451.32,45.44,طبيعي (Normal)
2026-06-23 20:40:00,50.0,852.12,2480.2,47.68,طبيعي (Normal)
2026-06-23 20:45:00,50.0,859.51,2450.11,46.41,طبيعي (Normal)
2026-06-23 20:50:00,50.0,834.59,2487.8,45.33,طبيعي (Normal)
2026-06-23 20:55:00,50.0,812.26,2421.75,47.98,طبيعي (Normal)
2026-06-23 21:00:00,50.0,846.5,2504.45,46.33,طبيعي (Normal)
2026-06-23 21:05:00,50.0,885.78,2435.92,46.39,طبيعي (Normal)
2026-06-23 21:10:00,50.0,833.97,2435.69,46.18,طبيعي (Normal)
2026-06-23 21:15:00,50.0,853.0,2485.79,46.33,طبيعي (Normal)
2026-06-23 21:20:00,50.0,837.32,2400.68,46.36,طبيعي (Normal)
2026-06-23 21:25:00,50.0,870.13,2512.8,44.79,طبيعي (Normal)
2026-06-23 21:30:00,50.0,838.66,2444.35,45.02,طبيعي (Normal)
2026-06-23 21:35:00,50.0,878.78,2445.89,44.55,طبيعي (Normal)
2026-06-23 21:40:00,50.0,843.42,2457.41,44.28,طبيعي (Normal)
2026-06-23 21:45:00,50.0,843.04,2478.21,44.68,طبيعي (Normal)
2026-06-23 21:50:00,50.0,829.28,2447.08,46.83,طبيعي (Normal)
2026-06-23 21:55:00,50.0,874.22,2487.16,45.22,طبيعي (Normal)
2026-06-23 22:00:00,50.0,829.2,2475.69,46.68,طبيعي (Normal)
2026-06-23 22:05:00,50.0,850.47,2458.7,45.88,طبيعي (Normal)
2026-06-23 22:10:00,50.0,840.26,2477.62,45.42,طبيعي (Normal)
2026-06-23 22:15:00,50.0,849.74,2448.9,46.91,طبيعي (Normal)
2026-06-23 22:20:00,50.0,840.23,2426.97,46.74,طبيعي (Normal)
2026-06-23 22:25:00,50.0,849.95,2450.73,46.55,طبيعي (Normal)
2026-06-23 22:30:00,50.0,854.51,2456.03,45.91,طبيعي (Normal)
2026-06-23 22:35:00,50.0,816.58,2435.74,44.74,طبيعي (Normal)
2026-06-23 22:40:00,50.0,828.7,2485.87,46.13,طبيعي (Normal)
2026-06-23 22:45:00,50.0,866.49,2471.36,47.37,طبيعي (Normal)
2026-06-23 22:50:00,50.0,851.1,2481.68,47.27,طبيعي (Normal)
2026-06-23 22:55:00,50.0,846.01,2414.32,46.48,طبيعي (Normal)
2026-06-23 23:00:00,50.0,855.91,2428.5,44.74,طبيعي (Normal)
2026-06-23 23:05:00,50.0,850.3,2503.95,44.38,طبيعي (Normal)
2026-06-23 23:10:00,50.0,852.93,2431.06,44.84,طبيعي (Normal)
2026-06-23 23:15:00,50.0,848.1,2449.52,46.58,طبيعي (Normal)
2026-06-23 23:20:00,50.0,863.0,2432.04,46.1,طبيعي (Normal)
2026-06-23 23:25:00,50.0,806.96,2413.4,45.35,طبيعي (Normal)
2026-06-23 23:30:00,50.0,857.12,2451.06,46.19,طبيعي (Normal)
2026-06-23 23:35:00,50.0,842.06,2456.53,45.71,طبيعي (Normal)
2026-06-23 23:40:00,50.0,846.9,2448.62,47.6,طبيعي (Normal)
2026-06-23 23:45:00,50.0,847.54,2447.07,45.96,طبيعي (Normal)
2026-06-23 23:50:00,50.0,855.72,2470.38,46.73,طبيعي (Normal)
2026-06-23 23:55:00,50.0,855.42,2454.55,46.42,طبيعي (Normal)
2026-06-24 00:00:00,50.0,852.94,2465.84,46.36,طبيعي (Normal)
2026-06-24 00:05:00,50.0,852.74,2464.96,45.17,طبيعي (Normal)
2026-06-24 00:10:00,50.0,841.89,2450.02,44.93,طبيعي (Normal)
2026-06-24 00:15:00,50.0,855.35,2439.62,45.19,طبيعي (Normal)
2026-06-24 00:20:00,50.0,841.96,2493.87,46.41,طبيعي (Normal)
2026-06-24 00:25:00,50.0,855.29,2412.51,45.67,طبيعي (Normal)
2026-06-24 00:30:00,50.0,856.77,2446.17,46.29,طبيعي (Normal)
2026-06-24 00:35:00,50.0,836.68,2413.02,47.45,طبيعي (Normal)
2026-06-24 00:40:00,50.0,844.53,2462.33,46.93,طبيعي (Normal)
2026-06-24 00:45:00,50.0,865.27,2428.91,46.53,طبيعي (Normal)
2026-06-24 00:50:00,50.0,860.66,2454.08,45.08,طبيعي (Normal)
2026-06-24 00:55:00,50.0,848.68,2401.5,44.58,طبيعي (Normal)
2026-06-24 01:00:00,50.0,832.69,2451.97,47.93,طبيعي (Normal)
2026-06-24 01:05:00,50.0,832.25,2446.41,45.62,طبيعي (Normal)
2026-06-24 01:10:00,50.0,825.06,2483.72,45.48,طبيعي (Normal)
2026-06-24 01:15:00,50.0,841.91,2415.28,45.85,طبيعي (Normal)
2026-06-24 01:20:00,50.0,857.43,2437.05,47.23,طبيعي (Normal)
2026-06-24 01:25:00,50.0,868.17,2476.74,44.23,طبيعي (Normal)
2026-06-24 01:30:00,50.0,838.2,2447.32,46.24,طبيعي (Normal)
2026-06-24 01:35:00,50.0,843.79,2470.96,47.36,طبيعي (Normal)
2026-06-24 01:40:00,50.0,856.34,2421.48,46.46,طبيعي (Normal)
2026-06-24 01:45:00,50.0,833.07,2476.92,45.95,طبيعي (Normal)
2026-06-24 01:50:00,50.0,834.54,2452.19,45.6,طبيعي (Normal)
2026-06-24 01:55:00,50.0,865.37,2444.15,46.21,طبيعي (Normal)
2026-06-24 02:00:00,50.0,831.74,2490.57,46.67,طبيعي (Normal)
2026-06-24 02:05:00,50.0,860.84,2457.8,46.57,طبيعي (Normal)
2026-06-24 02:10:00,50.0,836.17,2413.85,46.27,طبيعي (Normal)
2026-06-24 02:15:00,50.0,840.64,2440.16,44.96,طبيعي (Normal)
2026-06-24 02:20:00,50.0,844.95,2450.58,46.87,طبيعي (Normal)
2026-06-24 02:25:00,50.0,850.76,2497.7,46.12,طبيعي (Normal)
2026-06-24 02:30:00,50.0,850.29,2422.71,45.92,طبيعي (Normal)
2026-06-24 02:35:00,50.0,843.21,2474.81,46.47,طبيعي (Normal)
2026-06-24 02:40:00,50.0,864.21,2483.98,46.15,طبيعي (Normal)
2026-06-24 02:45:00,50.0,839.3,2462.01,45.51,طبيعي (Normal)
2026-06-24 02:50:00,50.0,868.23,2490.96,44.74,طبيعي (Normal)
2026-06-24 02:55:00,50.0,865.06,2442.7,45.27,طبيعي (Normal)
2026-06-24 03:00:00,50.0,858.61,2454.91,45.11,طبيعي (Normal)
2026-06-24 03:05:00,50.0,866.49,2499.09,46.33,طبيعي (Normal)
2026-06-24 03:10:00,50.0,828.12,2453.29,45.71,طبيعي (Normal)
2026-06-24 03:15:00,50.0,861.5,2461.42,45.67,طبيعي (Normal)
2026-06-24 03:20:00,50.0,853.91,2529.41,46.31,طبيعي (Normal)
2026-06-24 03:25:00,50.0,832.84,2422.61,44.98,طبيعي (Normal)
2026-06-24 03:30:00,50.0,873.43,2471.64,46.17,طبيعي (Normal)
2026-06-24 03:35:00,50.0,847.88,2457.77,45.79,طبيعي (Normal)
2026-06-24 03:40:00,50.0,870.32,2489.63,46.31,طبيعي (Normal)
2026-06-24 03:45:00,50.0,849.98,2430.89,45.64,طبيعي (Normal)
2026-06-24 03:50:00,50.0,871.42,2423.2,46.09,طبيعي (Normal)
2026-06-24 03:55:00,50.0,851.92,2462.54,44.89,طبيعي (Normal)
2026-06-24 04:00:00,50.0,831.44,2453.82,44.96,طبيعي (Normal)
2026-06-24 04:05:00,50.0,857.76,2467.86,46.28,طبيعي (Normal)
2026-06-24 04:10:00,50.0,833.54,2462.15,46.08,طبيعي (Normal)
2026-06-24 04:15:00,50.0,866.27,2436.48,44.92,طبيعي (Normal)
2026-06-24 04:20:00,50.0,835.19,2450.22,45.93,طبيعي (Normal)
2026-06-24 04:25:00,50.0,845.2,2457.68,46.22,طبيعي (Normal)
2026-06-24 04:30:00,50.0,875.3,2492.53,45.38,طبيعي (Normal)
2026-06-24 04:35:00,50.0,858.42,2413.83,45.9,طبيعي (Normal)
2026-06-24 04:40:00,50.0,841.98,2476.89,46.02,طبيعي (Normal)
2026-06-24 04:45:00,50.0,871.63,2500.6,45.47,طبيعي (Normal)
2026-06-24 04:50:00,50.0,853.46,2443.35,45.92,طبيعي (Normal)
2026-06-24 04:55:00,50.0,843.92,2432.41,47.02,طبيعي (Normal)
2026-06-24 05:00:00,50.0,862.36,2475.93,46.97,طبيعي (Normal)
2026-06-24 05:05:00,50.0,859.64,2501.22,46.42,طبيعي (Normal)
2026-06-24 05:10:00,50.0,833.19,2412.16,45.9,طبيعي (Normal)
2026-06-24 05:15:00,50.0,842.85,2433.11,46.14,طبيعي (Normal)
2026-06-24 05:20:00,50.0,851.97,2470.24,47.08,طبيعي (Normal)
2026-06-24 05:25:00,50.0,824.0,2503.04,46.17,طبيعي (Normal)
2026-06-24 05:30:00,50.0,868.92,2408.85,45.86,طبيعي (Normal)
2026-06-24 05:35:00,50.0,859.3,2430.38,45.82,طبيعي (Normal)
2026-06-24 05:40:00,50.0,835.03,2460.55,47.07,طبيعي (Normal)
2026-06-24 05:45:00,50.0,849.08,2476.92,46.77,طبيعي (Normal)
2026-06-24 05:50:00,50.0,861.01,2453.71,45.99,طبيعي (Normal)
2026-06-24 05:55:00,50.0,841.73,2506.83,45.11,طبيعي (Normal)
2026-06-24 06:00:00,50.0,875.03,2407.94,45.72,طبيعي (Normal)
2026-06-24 06:05:00,50.0,860.03,2426.93,44.96,طبيعي (Normal)
2026-06-24 06:10:00,50.0,831.77,2387.4,45.33,طبيعي (Normal)
2026-06-24 06:15:00,50.0,852.99,2467.95,45.54,طبيعي (Normal)
2026-06-24 06:20:00,50.0,833.88,2438.92,46.26,طبيعي (Normal)
2026-06-24 06:25:00,50.0,830.82,2454.92,44.65,طبيعي (Normal)
2026-06-24 06:30:00,50.0,879.32,2356.75,45.84,طبيعي (Normal)
2026-06-24 06:35:00,50.0,834.06,2398.66,45.44,طبيعي (Normal)
2026-06-24 06:40:00,50.0,833.16,2441.11,46.03,طبيعي (Normal)
2026-06-24 06:45:00,50.0,861.69,2431.71,45.45,طبيعي (Normal)
2026-06-24 06:50:00,50.0,854.5,2460.15,46.0,طبيعي (Normal)
2026-06-24 06:55:00,50.0,885.31,2467.45,44.8,طبيعي (Normal)
2026-06-24 07:00:00,50.0,855.03,2481.36,45.88,طبيعي (Normal)
2026-06-24 07:05:00,50.0,849.95,2430.74,45.66,طبيعي (Normal)
2026-06-24 07:10:00,50.0,852.29,2401.34,45.49,طبيعي (Normal)
2026-06-24 07:15:00,50.0,880.88,2465.07,46.16,طبيعي (Normal)
2026-06-24 07:20:00,50.0,846.34,2459.89,46.66,طبيعي (Normal)
2026-06-24 07:25:00,50.0,823.9,2428.4,46.58,طبيعي (Normal)
2026-06-24 07:30:00,50.0,825.24,2442.29,44.85,طبيعي (Normal)
2026-06-24 07:35:00,50.0,885.65,2438.85,46.59,طبيعي (Normal)
2026-06-24 07:40:00,50.0,842.86,2431.44,44.59,طبيعي (Normal)
2026-06-24 07:45:00,50.0,838.63,2405.4,46.74,طبيعي (Normal)
2026-06-24 07:50:00,50.0,850.26,2472.09,45.73,طبيعي (Normal)
2026-06-24 07:55:00,50.0,856.24,2428.57,47.35,طبيعي (Normal)
2026-06-24 08:00:00,50.0,846.78,2471.91,46.24,طبيعي (Normal)
2026-06-24 08:05:00,50.0,867.85,2425.99,45.87,طبيعي (Normal)
2026-06-24 08:10:00,50.0,847.12,2431.83,45.74,طبيعي (Normal)
2026-06-24 08:15:00,50.0,841.08,2458.05,45.33,طبيعي (Normal)
2026-06-24 08:20:00,50.0,865.28,2448.18,46.23,طبيعي (Normal)
2026-06-24 08:25:00,50.0,846.97,2423.07,47.19,طبيعي (Normal)
2026-06-24 08:30:00,50.0,825.6,2387.48,45.04,طبيعي (Normal)
2026-06-24 08:35:00,50.0,840.91,2446.9,46.09,طبيعي (Normal)
2026-06-24 08:40:00,50.0,848.64,2511.51,44.76,طبيعي (Normal)
2026-06-24 08:45:00,50.0,853.84,2463.1,45.68,طبيعي (Normal)
2026-06-24 08:50:00,50.0,844.77,2432.8,44.69,طبيعي (Normal)
2026-06-24 08:55:00,50.0,815.85,2418.65,46.14,طبيعي (Normal)
2026-06-24 09:00:00,55.0,1098.11,1908.74,28.0,طبيعي (Normal)
2026-06-24 09:05:00,55.0,1101.67,1906.14,27.9,طبيعي (Normal)
2026-06-24 09:10:00,55.0,1099.08,1874.37,27.8,طبيعي (Normal)
2026-06-24 09:15:00,55.0,1125.07,1864.03,27.7,طبيعي (Normal)
2026-06-24 09:20:00,55.0,1123.44,1867.19,27.6,طبيعي (Normal)
2026-06-24 09:25:00,55.0,1131.48,1864.88,27.5,طبيعي (Normal)
2026-06-24 09:30:00,55.0,1135.02,1846.42,27.4,طبيعي (Normal)
2026-06-24 09:35:00,55.0,1134.84,1819.86,27.3,طبيعي (Normal)
2026-06-24 09:40:00,55.0,1133.95,1803.41,27.2,طبيعي (Normal)
2026-06-24 09:45:00,55.0,1144.85,1816.14,27.1,طبيعي (Normal)
2026-06-24 09:50:00,55.0,1146.57,1790.44,27.0,طبيعي (Normal)
2026-06-24 09:55:00,55.0,1146.45,1801.27,26.9,طبيعي (Normal)
2026-06-24 10:00:00,55.0,1160.95,1788.32,26.8,طبيعي (Normal)
2026-06-24 10:05:00,55.0,1169.53,1760.79,26.7,طبيعي (Normal)
2026-06-24 10:10:00,55.0,1175.39,1772.77,26.6,طبيعي (Normal)
2026-06-24 10:15:00,55.0,1179.11,1755.24,26.5,طبيعي (Normal)
2026-06-24 10:20:00,55.0,1180.88,1755.0,26.4,طبيعي (Normal)
2026-06-24 10:25:00,55.0,1184.76,1736.91,26.3,طبيعي (Normal)
2026-06-24 10:30:00,55.0,1196.28,1726.83,26.2,طبيعي (Normal)
2026-06-24 10:35:00,55.0,1192.59,1714.64,26.1,طبيعي (Normal)
2026-06-24 10:40:00,55.0,1200.55,1699.19,26.0,طبيعي (Normal)
2026-06-24 10:45:00,55.0,1209.5,1690.72,25.9,طبيعي (Normal)
2026-06-24 10:50:00,55.0,1208.57,1676.98,25.8,طبيعي (Normal)
2026-06-24 10:55:00,55.0,1218.83,1675.64,25.7,طبيعي (Normal)
2026-06-24 11:00:00,55.0,1213.7,1678.58,25.6,طبيعي (Normal)
2026-06-24 11:05:00,55.0,1222.0,1654.44,25.5,طبيعي (Normal)
2026-06-24 11:10:00,55.0,1223.44,1657.06,25.4,طبيعي (Normal)
2026-06-24 11:15:00,55.0,1238.29,1628.92,25.3,طبيعي (Normal)
2026-06-24 11:20:00,55.0,1233.88,1613.18,25.2,طبيعي (Normal)
2026-06-24 11:25:00,55.0,1240.52,1616.44,25.1,طبيعي (Normal)
2026-06-24 11:30:00,55.0,1249.44,1594.41,25.0,طبيعي (Normal)
2026-06-24 11:35:00,55.0,1257.5,1601.01,24.9,طبيعي (Normal)
2026-06-24 11:40:00,55.0,1266.97,1581.39,24.8,طبيعي (Normal)
2026-06-24 11:45:00,55.0,1263.96,1554.81,24.7,طبيعي (Normal)
2026-06-24 11:50:00,55.0,1277.38,1561.02,24.6,طبيعي (Normal)
2026-06-24 11:55:00,55.0,1266.65,1553.53,24.5,طبيعي (Normal)
2026-06-24 12:00:00,55.0,1281.2,1538.59,24.4,طبيعي (Normal)
2026-06-24 12:05:00,55.0,1287.92,1555.38,24.3,طبيعي (Normal)
2026-06-24 12:10:00,55.0,1291.92,1507.42,24.2,طبيعي (Normal)
2026-06-24 12:15:00,55.0,1289.59,1488.72,24.1,طبيعي (Normal)
2026-06-24 12:20:00,55.0,1290.54,1487.53,24.0,طبيعي (Normal)
2026-06-24 12:25:00,50.0,836.74,2413.16,45.76,طبيعي (Normal)
2026-06-24 12:30:00,50.0,859.74,2432.65,44.49,طبيعي (Normal)
2026-06-24 12:35:00,50.0,833.38,2481.64,45.91,طبيعي (Normal)
2026-06-24 12:40:00,50.0,848.75,2510.41,44.96,طبيعي (Normal)
2026-06-24 12:45:00,50.0,829.81,2450.73,47.26,طبيعي (Normal)
2026-06-24 12:50:00,50.0,822.06,2443.63,46.52,طبيعي (Normal)
2026-06-24 12:55:00,50.0,831.96,2502.19,45.5,طبيعي (Normal)
2026-06-24 13:00:00,50.0,873.8,2422.52,44.99,طبيعي (Normal)
2026-06-24 13:05:00,50.0,839.01,2403.92,45.85,طبيعي (Normal)
2026-06-24 13:10:00,50.0,862.51,2510.87,45.93,طبيعي (Normal)
2026-06-24 13:15:00,50.0,859.62,2439.33,46.36,طبيعي (Normal)
2026-06-24 13:20:00,50.0,845.13,2484.62,45.82,طبيعي (Normal)
2026-06-24 13:25:00,50.0,842.18,2406.72,47.92,طبيعي (Normal)
2026-06-24 13:30:00,50.0,852.67,2482.78,44.66,طبيعي (Normal)
2026-06-24 13:35:00,50.0,846.0,2493.23,44.66,طبيعي (Normal)
2026-06-24 13:40:00,50.0,862.77,2439.23,46.59,طبيعي (Normal)
2026-06-24 13:45:00,50.0,840.34,2460.34,46.28,طبيعي (Normal)
2026-06-24 13:50:00,50.0,867.17,2489.56,46.94,طبيعي (Normal)
2026-06-24 13:55:00,50.0,840.96,2413.77,46.02,طبيعي (Normal)
2026-06-24 14:00:00,50.0,857.93,2430.91,45.99,طبيعي (Normal)
2026-06-24 14:05:00,50.0,834.62,2485.62,47.26,طبيعي (Normal)
2026-06-24 14:10:00,50.0,835.94,2467.69,46.22,طبيعي (Normal)
2026-06-24 14:15:00,50.0,850.51,2471.49,47.1,طبيعي (Normal)
2026-06-24 14:20:00,50.0,857.14,2462.99,47.28,طبيعي (Normal)
2026-06-24 14:25:00,50.0,860.44,2442.79,46.38,طبيعي (Normal)
2026-06-24 14:30:00,50.0,843.95,2461.56,46.73,طبيعي (Normal)
2026-06-24 14:35:00,50.0,865.84,2463.36,45.57,طبيعي (Normal)
2026-06-24 14:40:00,50.0,864.26,2425.03,46.0,طبيعي (Normal)
2026-06-24 14:45:00,50.0,850.63,2487.37,46.35,طبيعي (Normal)
2026-06-24 14:50:00,50.0,853.99,2425.65,45.85,طبيعي (Normal)
2026-06-24 14:55:00,50.0,847.69,2474.77,46.41,طبيعي (Normal)
2026-06-24 15:00:00,50.0,854.82,2441.26,45.41,طبيعي (Normal)
2026-06-24 15:05:00,50.0,842.79,2412.39,44.71,طبيعي (Normal)
2026-06-24 15:10:00,50.0,832.34,2436.47,46.16,طبيعي (Normal)
2026-06-24 15:15:00,50.0,857.45,2419.79,45.58,طبيعي (Normal)
2026-06-24 15:20:00,50.0,837.63,2451.14,45.51,طبيعي (Normal)
2026-06-24 15:25:00,50.0,849.9,2449.66,46.3,طبيعي (Normal)
2026-06-24 15:30:00,50.0,851.51,2388.39,46.0,طبيعي (Normal)
2026-06-24 15:35:00,50.0,844.45,2469.62,46.36,طبيعي (Normal)
2026-06-24 15:40:00,50.0,847.1,2441.4,45.67,طبيعي (Normal)
2026-06-24 15:45:00,50.0,866.47,2378.96,44.9,طبيعي (Normal)
2026-06-24 15:50:00,50.0,862.65,2446.78,45.54,طبيعي (Normal)
2026-06-24 15:55:00,50.0,835.85,2469.59,46.0,طبيعي (Normal)
2026-06-24 16:00:00,50.0,851.97,2491.13,46.5,طبيعي (Normal)
2026-06-24 16:05:00,50.0,849.15,2415.96,46.5,طبيعي (Normal)
2026-06-24 16:10:00,50.0,871.95,2405.89,46.66,طبيعي (Normal)
2026-06-24 16:15:00,50.0,850.24,2462.65,46.34,طبيعي (Normal)
2026-06-24 16:20:00,50.0,832.21,2429.68,44.0,طبيعي (Normal)
2026-06-24 16:25:00,50.0,832.05,2405.07,45.56,طبيعي (Normal)
2026-06-24 16:30:00,50.0,846.38,2427.43,46.57,طبيعي (Normal)
2026-06-24 16:35:00,50.0,842.1,2483.96,47.15,طبيعي (Normal)
2026-06-24 16:40:00,50.0,841.41,2385.22,46.62,طبيعي (Normal)
2026-06-24 16:45:00,50.0,843.89,2442.78,45.85,طبيعي (Normal)
2026-06-24 16:50:00,50.0,837.57,2446.27,46.56,طبيعي (Normal)
2026-06-24 16:55:00,50.0,821.68,2498.51,45.83,طبيعي (Normal)
2026-06-24 17:00:00,50.0,841.58,2509.52,45.0,طبيعي (Normal)
2026-06-24 17:05:00,50.0,842.12,2463.43,45.96,طبيعي (Normal)
2026-06-24 17:10:00,50.0,841.38,2483.2,45.27,طبيعي (Normal)
2026-06-24 17:15:00,50.0,854.84,2461.76,45.67,طبيعي (Normal)
2026-06-24 17:20:00,50.0,846.59,2476.17,45.07,طبيعي (Normal)
2026-06-24 17:25:00,50.0,852.08,2473.26,45.5,طبيعي (Normal)
2026-06-24 17:30:00,50.0,838.77,2450.22,45.03,طبيعي (Normal)
2026-06-24 17:35:00,50.0,862.37,2419.72,46.3,طبيعي (Normal)
2026-06-24 17:40:00,50.0,876.81,2410.02,45.56,طبيعي (Normal)
2026-06-24 17:45:00,50.0,833.55,2393.76,46.26,طبيعي (Normal)
2026-06-24 17:50:00,50.0,838.26,2469.81,47.13,طبيعي (Normal)
2026-06-24 17:55:00,50.0,841.21,2449.7,48.08,طبيعي (Normal)
2026-06-24 18:00:00,50.0,851.03,2485.55,45.52,طبيعي (Normal)
2026-06-24 18:05:00,50.0,856.04,2448.84,47.14,طبيعي (Normal)
2026-06-24 18:10:00,50.0,850.13,2490.25,45.08,طبيعي (Normal)
2026-06-24 18:15:00,50.0,876.4,2377.39,45.49,طبيعي (Normal)
2026-06-24 18:20:00,50.0,854.09,2425.91,45.29,طبيعي (Normal)
2026-06-24 18:25:00,50.0,830.77,2446.88,45.62,طبيعي (Normal)
2026-06-24 18:30:00,50.0,824.84,2462.42,46.42,طبيعي (Normal)
2026-06-24 18:35:00,50.0,853.12,2436.37,46.59,طبيعي (Normal)
2026-06-24 18:40:00,50.0,844.42,2444.93,44.87,طبيعي (Normal)
2026-06-24 18:45:00,50.0,836.6,2456.76,44.85,طبيعي (Normal)
2026-06-24 18:50:00,50.0,868.19,2497.77,44.96,طبيعي (Normal)
2026-06-24 18:55:00,50.0,876.87,2435.9,47.17,طبيعي (Normal)
2026-06-24 19:00:00,50.0,846.63,2489.07,46.02,طبيعي (Normal)
2026-06-24 19:05:00,50.0,857.0,2446.9,45.29,طبيعي (Normal)
2026-06-24 19:10:00,50.0,842.29,2439.5,44.92,طبيعي (Normal)
2026-06-24 19:15:00,50.0,848.83,2477.19,45.78,طبيعي (Normal)
2026-06-24 19:20:00,50.0,823.1,2449.73,46.83,طبيعي (Normal)
2026-06-24 19:25:00,50.0,851.35,2409.92,45.54,طبيعي (Normal)
2026-06-24 19:30:00,50.0,838.5,2412.22,45.19,طبيعي (Normal)
2026-06-24 19:35:00,50.0,859.25,2469.94,46.46,طبيعي (Normal)
2026-06-24 19:40:00,50.0,852.95,2468.36,44.44,طبيعي (Normal)
2026-06-24 19:45:00,50.0,856.17,2468.18,46.5,طبيعي (Normal)
2026-06-24 19:50:00,50.0,863.31,2465.26,46.02,طبيعي (Normal)
2026-06-24 19:55:00,50.0,856.37,2459.42,46.02,طبيعي (Normal)
2026-06-24 20:00:00,50.0,842.94,2453.26,46.4,طبيعي (Normal)
2026-06-24 20:05:00,50.0,871.07,2496.51,45.7,طبيعي (Normal)
2026-06-24 20:10:00,50.0,846.11,2395.41,45.5,طبيعي (Normal)
2026-06-24 20:15:00,50.0,854.28,2430.75,46.25,طبيعي (Normal)
2026-06-24 20:20:00,50.0,849.13,2495.22,45.66,طبيعي (Normal)
2026-06-24 20:25:00,50.0,848.3,2381.17,45.76,طبيعي (Normal)
2026-06-24 20:30:00,50.0,824.59,2420.47,46.88,طبيعي (Normal)
2026-06-24 20:35:00,50.0,837.97,2490.71,44.27,طبيعي (Normal)
2026-06-24 20:40:00,50.0,834.79,2475.85,45.98,طبيعي (Normal)
2026-06-24 20:45:00,50.0,849.16,2435.35,45.77,طبيعي (Normal)
2026-06-24 20:50:00,50.0,829.48,2442.9,46.55,طبيعي (Normal)
2026-06-24 20:55:00,50.0,850.27,2425.05,46.03,طبيعي (Normal)
2026-06-24 21:00:00,50.0,842.91,2398.81,46.1,طبيعي (Normal)
2026-06-24 21:05:00,50.0,873.21,2423.56,46.72,طبيعي (Normal)
2026-06-24 21:10:00,50.0,850.19,2468.56,46.29,طبيعي (Normal)
2026-06-24 21:15:00,50.0,855.53,2459.18,46.12,طبيعي (Normal)
2026-06-24 21:20:00,50.0,853.12,2472.57,46.74,طبيعي (Normal)
2026-06-24 21:25:00,50.0,857.34,2468.74,46.06,طبيعي (Normal)
2026-06-24 21:30:00,50.0,870.64,2456.13,47.07,طبيعي (Normal)
2026-06-24 21:35:00,50.0,851.09,2421.99,47.63,طبيعي (Normal)
2026-06-24 21:40:00,50.0,850.76,2458.5,45.7,طبيعي (Normal)
2026-06-24 21:45:00,50.0,845.2,2486.72,45.96,طبيعي (Normal)
2026-06-24 21:50:00,50.0,859.05,2442.77,44.82,طبيعي (Normal)
2026-06-24 21:55:00,50.0,835.01,2430.8,44.99,طبيعي (Normal)
2026-06-24 22:00:00,50.0,825.2,2501.12,45.81,طبيعي (Normal)
2026-06-24 22:05:00,50.0,879.45,2436.12,46.14,طبيعي (Normal)
2026-06-24 22:10:00,50.0,853.31,2482.18,45.69,طبيعي (Normal)
2026-06-24 22:15:00,50.0,851.11,2435.38,47.24,طبيعي (Normal)
2026-06-24 22:20:00,50.0,848.9,2491.13,46.04,طبيعي (Normal)
2026-06-24 22:25:00,50.0,849.82,2439.55,47.05,طبيعي (Normal)
2026-06-24 22:30:00,50.0,845.86,2498.28,46.46,طبيعي (Normal)
2026-06-24 22:35:00,50.0,844.79,2465.36,46.4,طبيعي (Normal)
2026-06-24 22:40:00,50.0,847.81,2422.33,46.13,طبيعي (Normal)
2026-06-24 22:45:00,50.0,858.35,2428.92,45.42,طبيعي (Normal)
2026-06-24 22:50:00,50.0,852.61,2443.11,46.71,طبيعي (Normal)
2026-06-24 22:55:00,50.0,859.69,2425.52,47.16,طبيعي (Normal)
2026-06-24 23:00:00,50.0,852.58,2488.08,44.84,طبيعي (Normal)
2026-06-24 23:05:00,50.0,850.33,2461.93,44.71,طبيعي (Normal)
2026-06-24 23:10:00,50.0,830.13,2455.59,45.1,طبيعي (Normal)
2026-06-24 23:15:00,50.0,869.23,2397.52,45.36,طبيعي (Normal)
2026-06-24 23:20:00,50.0,855.64,2458.15,46.03,طبيعي (Normal)
2026-06-24 23:25:00,50.0,840.43,2432.66,46.74,طبيعي (Normal)
2026-06-24 23:30:00,50.0,854.24,2371.14,45.43,طبيعي (Normal)
2026-06-24 23:35:00,50.0,877.19,2398.81,45.24,طبيعي (Normal)
2026-06-24 23:40:00,50.0,849.52,2433.06,46.2,طبيعي (Normal)
2026-06-24 23:45:00,50.0,859.22,2395.12,44.85,طبيعي (Normal)
2026-06-24 23:50:00,50.0,851.87,2474.41,45.35,طبيعي (Normal)
2026-06-24 23:55:00,50.0,877.13,2475.56,45.48,طبيعي (Normal)
2026-06-25 00:00:00,50.0,840.29,2398.17,46.16,طبيعي (Normal)
2026-06-25 00:05:00,50.0,848.49,2525.29,45.66,طبيعي (Normal)
2026-06-25 00:10:00,50.0,867.74,2395.62,48.13,طبيعي (Normal)
2026-06-25 00:15:00,50.0,838.36,2454.94,45.45,طبيعي (Normal)
2026-06-25 00:20:00,50.0,894.07,2453.51,46.76,طبيعي (Normal)
2026-06-25 00:25:00,50.0,874.22,2487.3,46.94,طبيعي (Normal)
2026-06-25 00:30:00,50.0,825.55,2393.67,45.8,طبيعي (Normal)
2026-06-25 00:35:00,50.0,854.74,2449.37,45.37,طبيعي (Normal)
2026-06-25 00:40:00,50.0,849.86,2453.83,44.61,طبيعي (Normal)
2026-06-25 00:45:00,50.0,850.26,2430.22,44.38,طبيعي (Normal)
2026-06-25 00:50:00,50.0,845.56,2407.09,45.86,طبيعي (Normal)
2026-06-25 00:55:00,50.0,832.12,2406.1,46.8,طبيعي (Normal)
2026-06-25 01:00:00,50.0,865.43,2474.08,46.25,طبيعي (Normal)
2026-06-25 01:05:00,50.0,854.55,2497.58,45.79,طبيعي (Normal)
2026-06-25 01:10:00,50.0,861.54,2460.83,45.98,طبيعي (Normal)
2026-06-25 01:15:00,50.0,846.76,2425.38,46.98,طبيعي (Normal)
2026-06-25 01:20:00,50.0,852.75,2439.68,47.27,طبيعي (Normal)
2026-06-25 01:25:00,50.0,856.11,2445.41,45.92,طبيعي (Normal)
2026-06-25 01:30:00,50.0,865.69,2423.31,45.7,طبيعي (Normal)
2026-06-25 01:35:00,50.0,813.15,2485.12,47.16,طبيعي (Normal)
2026-06-25 01:40:00,50.0,825.75,2420.57,45.91,طبيعي (Normal)
2026-06-25 01:45:00,50.0,849.8,2484.85,46.15,طبيعي (Normal)
2026-06-25 01:50:00,50.0,843.19,2461.39,46.05,طبيعي (Normal)
2026-06-25 01:55:00,50.0,834.69,2462.24,45.13,طبيعي (Normal)
2026-06-25 02:00:00,50.0,863.79,2428.0,44.4,طبيعي (Normal)
2026-06-25 02:05:00,50.0,847.71,2457.12,46.7,طبيعي (Normal)
2026-06-25 02:10:00,50.0,855.05,2452.3,45.87,طبيعي (Normal)
2026-06-25 02:15:00,50.0,854.47,2408.69,45.83,طبيعي (Normal)
2026-06-25 02:20:00,50.0,832.91,2490.45,45.53,طبيعي (Normal)
2026-06-25 02:25:00,50.0,827.42,2474.21,47.73,طبيعي (Normal)
2026-06-25 02:30:00,50.0,863.47,2417.56,47.49,طبيعي (Normal)
2026-06-25 02:35:00,50.0,859.67,2488.03,45.4,طبيعي (Normal)
2026-06-25 02:40:00,50.0,850.88,2510.17,47.61,طبيعي (Normal)
2026-06-25 02:45:00,50.0,838.24,2420.11,46.44,طبيعي (Normal)
2026-06-25 02:50:00,50.0,856.48,2453.92,45.41,طبيعي (Normal)
2026-06-25 02:55:00,50.0,858.79,2445.53,45.2,طبيعي (Normal)
2026-06-25 03:00:00,50.0,847.12,2490.16,45.46,طبيعي (Normal)
2026-06-25 03:05:00,50.0,862.02,2472.65,46.35,طبيعي (Normal)
2026-06-25 03:10:00,50.0,843.3,2443.76,46.75,طبيعي (Normal)
2026-06-25 03:15:00,50.0,852.5,2464.31,46.5,طبيعي (Normal)
2026-06-25 03:20:00,50.0,843.32,2443.06,44.81,طبيعي (Normal)
2026-06-25 03:25:00,50.0,838.52,2418.06,46.93,طبيعي (Normal)
2026-06-25 03:30:00,50.0,863.01,2392.05,45.4,طبيعي (Normal)
2026-06-25 03:35:00,50.0,842.43,2440.42,47.19,طبيعي (Normal)
2026-06-25 03:40:00,50.0,846.01,2469.01,46.2,طبيعي (Normal)
2026-06-25 03:45:00,50.0,878.61,2448.32,45.47,طبيعي (Normal)
2026-06-25 03:50:00,50.0,889.36,2474.28,47.13,طبيعي (Normal)
2026-06-25 03:55:00,50.0,859.68,2508.18,46.27,طبيعي (Normal)
2026-06-25 04:00:00,50.0,847.92,2488.47,46.39,طبيعي (Normal)
2026-06-25 04:05:00,50.0,878.28,2402.28,46.69,طبيعي (Normal)
2026-06-25 04:10:00,50.0,855.84,2406.08,45.23,طبيعي (Normal)
2026-06-25 04:15:00,50.0,870.41,2438.23,46.2,طبيعي (Normal)
2026-06-25 04:20:00,50.0,845.18,2439.26,45.51,طبيعي (Normal)
2026-06-25 04:25:00,50.0,841.11,2430.52,45.55,طبيعي (Normal)
2026-06-25 04:30:00,50.0,834.89,2419.97,46.81,طبيعي (Normal)
2026-06-25 04:35:00,50.0,849.12,2454.99,46.99,طبيعي (Normal)
2026-06-25 04:40:00,50.0,807.68,2417.74,45.65,طبيعي (Normal)
2026-06-25 04:45:00,50.0,863.7,2431.12,44.49,طبيعي (Normal)
2026-06-25 04:50:00,50.0,834.85,2477.93,47.84,طبيعي (Normal)
2026-06-25 04:55:00,50.0,848.07,2457.92,45.95,طبيعي (Normal)
2026-06-25 05:00:00,50.0,840.4,2423.08,45.25,طبيعي (Normal)
2026-06-25 05:05:00,50.0,857.26,2434.13,45.44,طبيعي (Normal)
2026-06-25 05:10:00,50.0,855.53,2430.1,45.95,طبيعي (Normal)
2026-06-25 05:15:00,50.0,815.21,2473.2,47.13,طبيعي (Normal)
2026-06-25 05:20:00,50.0,852.88,2395.17,46.06,طبيعي (Normal)
2026-06-25 05:25:00,50.0,854.6,2449.99,46.66,طبيعي (Normal)
2026-06-25 05:30:00,50.0,855.23,2418.21,47.25,طبيعي (Normal)
2026-06-25 05:35:00,50.0,835.23,2445.17,45.45,طبيعي (Normal)
2026-06-25 05:40:00,50.0,850.52,2418.27,47.18,طبيعي (Normal)
2026-06-25 05:45:00,50.0,857.2,2465.22,47.15,طبيعي (Normal)
2026-06-25 05:50:00,50.0,862.8,2462.28,45.83,طبيعي (Normal)
2026-06-25 05:55:00,50.0,844.12,2458.79,45.58,طبيعي (Normal)
2026-06-25 06:00:00,50.0,869.17,2456.59,45.81,طبيعي (Normal)
2026-06-25 06:05:00,50.0,866.48,2407.93,46.05,طبيعي (Normal)
2026-06-25 06:10:00,50.0,827.39,2477.06,47.68,طبيعي (Normal)
2026-06-25 06:15:00,50.0,880.64,2484.77,46.4,طبيعي (Normal)
2026-06-25 06:20:00,50.0,840.64,2431.76,45.61,طبيعي (Normal)
2026-06-25 06:25:00,50.0,873.1,2471.42,46.06,طبيعي (Normal)
2026-06-25 06:30:00,50.0,842.91,2430.43,46.63,طبيعي (Normal)
2026-06-25 06:35:00,50.0,848.52,2482.47,47.07,طبيعي (Normal)
2026-06-25 06:40:00,50.0,847.79,2418.63,45.73,طبيعي (Normal)
2026-06-25 06:45:00,50.0,831.92,2433.91,47.0,طبيعي (Normal)
2026-06-25 06:50:00,50.0,852.75,2450.1,46.33,طبيعي (Normal)
2026-06-25 06:55:00,50.0,852.33,2453.66,43.99,طبيعي (Normal)
2026-06-25 07:00:00,50.0,857.76,2424.81,45.16,طبيعي (Normal)
2026-06-25 07:05:00,50.0,857.6,2439.83,45.5,طبيعي (Normal)
2026-06-25 07:10:00,50.0,849.45,2392.11,46.45,طبيعي (Normal)
2026-06-25 07:15:00,50.0,849.77,2485.47,46.47,طبيعي (Normal)
2026-06-25 07:20:00,50.0,836.77,2475.93,45.55,طبيعي (Normal)
2026-06-25 07:25:00,50.0,845.43,2445.08,45.38,طبيعي (Normal)
2026-06-25 07:30:00,50.0,830.91,2459.64,44.44,طبيعي (Normal)
2026-06-25 07:35:00,50.0,865.67,2464.3,45.68,طبيعي (Normal)
2026-06-25 07:40:00,50.0,835.96,2437.9,47.59,طبيعي (Normal)
2026-06-25 07:45:00,50.0,846.93,2487.99,45.66,طبيعي (Normal)
2026-06-25 07:50:00,50.0,851.28,2384.04,45.75,طبيعي (Normal)
2026-06-25 07:55:00,50.0,822.94,2413.54,45.88,طبيعي (Normal)
2026-06-25 08:00:00,50.0,829.54,2403.35,44.13,طبيعي (Normal)
2026-06-25 08:05:00,50.0,847.56,2442.61,46.4,طبيعي (Normal)
2026-06-25 08:10:00,50.0,885.53,2477.5,46.53,طبيعي (Normal)
2026-06-25 08:15:00,50.0,841.75,2425.86,46.27,طبيعي (Normal)
2026-06-25 08:20:00,50.0,847.04,2419.24,47.16,طبيعي (Normal)
2026-06-25 08:25:00,50.0,867.98,2424.08,44.26,طبيعي (Normal)
2026-06-25 08:30:00,50.0,844.46,2412.97,46.66,طبيعي (Normal)
2026-06-25 08:35:00,50.0,822.8,2413.65,46.48,طبيعي (Normal)
2026-06-25 08:40:00,50.0,878.23,2493.74,44.79,طبيعي (Normal)
2026-06-25 08:45:00,50.0,874.21,2424.05,46.53,طبيعي (Normal)
2026-06-25 08:50:00,50.0,836.73,2442.11,45.43,طبيعي (Normal)
2026-06-25 08:55:00,50.0,842.45,2479.48,46.94,طبيعي (Normal)
2026-06-25 09:00:00,50.0,846.15,2478.96,43.61,طبيعي (Normal)
2026-06-25 09:05:00,50.0,862.83,2463.63,45.56,طبيعي (Normal)
2026-06-25 09:10:00,50.0,859.25,2416.12,45.21,طبيعي (Normal)
2026-06-25 09:15:00,50.0,864.07,2477.78,46.92,طبيعي (Normal)
2026-06-25 09:20:00,50.0,851.47,2478.75,44.87,طبيعي (Normal)
2026-06-25 09:25:00,50.0,847.98,2441.11,45.35,طبيعي (Normal)
2026-06-25 09:30:00,50.0,826.02,2469.65,46.45,طبيعي (Normal)
2026-06-25 09:35:00,50.0,848.65,2410.08,45.91,طبيعي (Normal)
2026-06-25 09:40:00,50.0,855.01,2470.03,45.96,طبيعي (Normal)
2026-06-25 09:45:00,50.0,860.23,2417.96,44.68,طبيعي (Normal)
2026-06-25 09:50:00,50.0,868.79,2481.98,45.23,طبيعي (Normal)
2026-06-25 09:55:00,50.0,843.82,2424.2,47.15,طبيعي (Normal)
2026-06-25 10:00:00,50.0,850.86,2430.11,45.1,طبيعي (Normal)
2026-06-25 10:05:00,50.0,846.43,2405.99,45.79,طبيعي (Normal)
2026-06-25 10:10:00,50.0,853.64,2450.96,46.24,طبيعي (Normal)
2026-06-25 10:15:00,50.0,851.73,2469.2,45.49,طبيعي (Normal)
2026-06-25 10:20:00,50.0,869.11,2433.81,45.37,طبيعي (Normal)
2026-06-25 10:25:00,50.0,847.26,2494.9,46.9,طبيعي (Normal)
2026-06-25 10:30:00,50.0,879.16,2447.67,45.59,طبيعي (Normal)
2026-06-25 10:35:00,50.0,866.52,2428.36,46.44,طبيعي (Normal)
2026-06-25 10:40:00,50.0,843.93,2461.03,46.51,طبيعي (Normal)
2026-06-25 10:45:00,50.0,831.47,2432.25,46.1,طبيعي (Normal)
2026-06-25 10:50:00,50.0,847.0,2491.66,46.49,طبيعي (Normal)
2026-06-25 10:55:00,50.0,839.24,2465.75,45.89,طبيعي (Normal)
2026-06-25 11:00:00,50.0,841.61,2443.85,46.99,طبيعي (Normal)
2026-06-25 11:05:00,50.0,842.93,2446.04,45.76,طبيعي (Normal)
2026-06-25 11:10:00,50.0,854.73,2479.1,46.89,طبيعي (Normal)
2026-06-25 11:15:00,50.0,852.99,2429.25,48.01,طبيعي (Normal)
2026-06-25 11:20:00,50.0,848.54,2391.45,45.84,طبيعي (Normal)
2026-06-25 11:25:00,50.0,850.92,2474.43,45.98,طبيعي (Normal)
2026-06-25 11:30:00,50.0,839.45,2466.99,46.23,طبيعي (Normal)
2026-06-25 11:35:00,50.0,854.84,2446.84,47.38,طبيعي (Normal)
2026-06-25 11:40:00,50.0,855.93,2427.39,45.4,طبيعي (Normal)
2026-06-25 11:45:00,50.0,856.23,2476.98,46.37,طبيعي (Normal)
2026-06-25 11:50:00,50.0,870.55,2430.24,43.5,طبيعي (Normal)
2026-06-25 11:55:00,50.0,817.24,2446.63,46.88,طبيعي (Normal)
2026-06-25 12:00:00,50.0,850.1,2418.09,44.83,طبيعي (Normal)
2026-06-25 12:05:00,50.0,823.11,2453.34,44.75,طبيعي (Normal)
2026-06-25 12:10:00,50.0,846.45,2474.28,46.02,طبيعي (Normal)
2026-06-25 12:15:00,50.0,868.96,2441.87,47.24,طبيعي (Normal)
2026-06-25 12:20:00,50.0,866.94,2443.78,45.67,طبيعي (Normal)
2026-06-25 12:25:00,50.0,854.75,2456.13,45.54,طبيعي (Normal)
2026-06-25 12:30:00,50.0,853.13,2460.0,46.91,طبيعي (Normal)
2026-06-25 12:35:00,50.0,836.16,2497.79,46.18,طبيعي (Normal)
2026-06-25 12:40:00,50.0,812.34,2457.88,47.22,طبيعي (Normal)
2026-06-25 12:45:00,50.0,876.83,2431.92,45.69,طبيعي (Normal)
2026-06-25 12:50:00,50.0,839.71,2485.97,45.59,طبيعي (Normal)
2026-06-25 12:55:00,50.0,882.77,2421.55,46.57,طبيعي (Normal)
2026-06-25 13:00:00,50.0,837.51,2486.54,44.69,طبيعي (Normal)
2026-06-25 13:05:00,50.0,857.11,2423.42,47.02,طبيعي (Normal)
2026-06-25 13:10:00,50.0,865.73,2426.43,46.22,طبيعي (Normal)
2026-06-25 13:15:00,50.0,866.55,2437.8,45.94,طبيعي (Normal)
2026-06-25 13:20:00,50.0,831.64,2519.94,45.6,طبيعي (Normal)
2026-06-25 13:25:00,50.0,844.13,2409.14,44.75,طبيعي (Normal)
2026-06-25 13:30:00,50.0,894.3,2471.01,45.84,طبيعي (Normal)
2026-06-25 13:35:00,50.0,844.34,2399.95,45.5,طبيعي (Normal)
2026-06-25 13:40:00,50.0,869.79,2418.18,45.85,طبيعي (Normal)
2026-06-25 13:45:00,50.0,849.99,2493.08,46.87,طبيعي (Normal)
2026-06-25 13:50:00,50.0,836.95,2429.74,45.42,طبيعي (Normal)
2026-06-25 13:55:00,50.0,829.57,2405.04,45.42,طبيعي (Normal)
2026-06-25 14:00:00,50.0,841.11,2485.54,45.14,طبيعي (Normal)
2026-06-25 14:05:00,50.0,844.97,2475.08,45.83,طبيعي (Normal)
2026-06-25 14:10:00,50.0,860.37,2444.33,45.29,طبيعي (Normal)
2026-06-25 14:15:00,50.0,862.21,2455.83,46.53,طبيعي (Normal)
2026-06-25 14:20:00,50.0,870.73,2420.47,46.32,طبيعي (Normal)
2026-06-25 14:25:00,50.0,860.7,2427.83,47.1,طبيعي (Normal)
2026-06-25 14:30:00,50.0,854.68,2477.45,44.7,طبيعي (Normal)
2026-06-25 14:35:00,50.0,872.18,2477.33,47.25,طبيعي (Normal)
2026-06-25 14:40:00,50.0,832.08,2412.26,44.79,طبيعي (Normal)
2026-06-25 14:45:00,50.0,864.56,2443.55,44.95,طبيعي (Normal)
2026-06-25 14:50:00,50.0,832.81,2430.19,46.47,طبيعي (Normal)
2026-06-25 14:55:00,50.0,840.02,2416.49,47.19,طبيعي (Normal)
2026-06-25 15:00:00,50.0,865.66,2479.13,46.33,طبيعي (Normal)
2026-06-25 15:05:00,50.0,843.19,2445.41,44.58,طبيعي (Normal)
2026-06-25 15:10:00,50.0,844.93,2449.34,46.42,طبيعي (Normal)
2026-06-25 15:15:00,50.0,864.62,2469.67,46.14,طبيعي (Normal)
2026-06-25 15:20:00,50.0,857.36,2447.5,46.68,طبيعي (Normal)
2026-06-25 15:25:00,50.0,848.7,2500.27,46.78,طبيعي (Normal)
2026-06-25 15:30:00,50.0,836.75,2435.68,46.23,طبيعي (Normal)
2026-06-25 15:35:00,50.0,831.48,2473.26,45.26,طبيعي (Normal)
2026-06-25 15:40:00,50.0,846.15,2433.16,45.77,طبيعي (Normal)
2026-06-25 15:45:00,50.0,835.41,2346.53,46.87,طبيعي (Normal)
2026-06-25 15:50:00,50.0,863.79,2467.38,44.97,طبيعي (Normal)
2026-06-25 15:55:00,50.0,853.25,2429.66,46.13,طبيعي (Normal)
2026-06-25 16:00:00,50.0,851.17,2458.01,46.08,طبيعي (Normal)
2026-06-25 16:05:00,50.0,855.92,2421.66,47.1,طبيعي (Normal)
2026-06-25 16:10:00,50.0,872.87,2446.83,46.71,طبيعي (Normal)
2026-06-25 16:15:00,50.0,831.9,2444.07,47.02,طبيعي (Normal)
2026-06-25 16:20:00,50.0,840.13,2413.19,47.23,طبيعي (Normal)
2026-06-25 16:25:00,50.0,842.02,2468.08,44.9,طبيعي (Normal)
2026-06-25 16:30:00,50.0,829.82,2423.54,46.08,طبيعي (Normal)
2026-06-25 16:35:00,50.0,831.35,2419.49,45.24,طبيعي (Normal)
2026-06-25 16:40:00,50.0,871.98,2402.73,46.75,طبيعي (Normal)
2026-06-25 16:45:00,50.0,860.03,2468.02,44.18,طبيعي (Normal)
2026-06-25 16:50:00,50.0,838.81,2438.57,46.31,طبيعي (Normal)
2026-06-25 16:55:00,50.0,838.69,2483.06,46.68,طبيعي (Normal)
2026-06-25 17:00:00,50.0,870.53,2430.22,44.88,طبيعي (Normal)
2026-06-25 17:05:00,50.0,868.07,2459.78,45.91,طبيعي (Normal)
2026-06-25 17:10:00,50.0,842.9,2410.45,45.86,طبيعي (Normal)
2026-06-25 17:15:00,50.0,855.11,2465.18,45.75,طبيعي (Normal)
2026-06-25 17:20:00,50.0,877.34,2478.05,46.09,طبيعي (Normal)
2026-06-25 17:25:00,50.0,857.66,2432.36,46.59,طبيعي (Normal)
2026-06-25 17:30:00,50.0,836.06,2447.11,44.93,طبيعي (Normal)
2026-06-25 17:35:00,50.0,867.16,2513.04,46.54,طبيعي (Normal)
2026-06-25 17:40:00,50.0,860.84,2403.75,46.71,طبيعي (Normal)
2026-06-25 17:45:00,50.0,830.71,2451.08,45.96,طبيعي (Normal)
2026-06-25 17:50:00,50.0,829.26,2443.33,45.89,طبيعي (Normal)
2026-06-25 17:55:00,50.0,840.82,2452.75,47.19,طبيعي (Normal)
2026-06-25 18:00:00,50.0,855.11,2464.3,45.79,طبيعي (Normal)
2026-06-25 18:05:00,50.0,829.87,2421.84,45.72,طبيعي (Normal)
2026-06-25 18:10:00,50.0,858.31,2361.2,47.24,طبيعي (Normal)
2026-06-25 18:15:00,50.0,857.28,2405.44,44.99,طبيعي (Normal)
2026-06-25 18:20:00,50.0,842.95,2445.29,45.27,طبيعي (Normal)
2026-06-25 18:25:00,50.0,846.91,2485.79,45.55,طبيعي (Normal)
2026-06-25 18:30:00,50.0,849.05,2424.18,45.51,طبيعي (Normal)
2026-06-25 18:35:00,50.0,845.72,2405.95,45.48,طبيعي (Normal)
2026-06-25 18:40:00,50.0,837.94,2407.92,46.39,طبيعي (Normal)
2026-06-25 18:45:00,50.0,856.87,2452.94,45.15,طبيعي (Normal)
2026-06-25 18:50:00,50.0,836.92,2478.73,46.06,طبيعي (Normal)
2026-06-25 18:55:00,50.0,862.99,2420.62,46.34,طبيعي (Normal)
2026-06-25 19:00:00,50.0,842.0,2478.93,46.31,طبيعي (Normal)
2026-06-25 19:05:00,50.0,854.63,2474.59,44.86,طبيعي (Normal)
2026-06-25 19:10:00,50.0,843.89,2423.48,45.47,طبيعي (Normal)
2026-06-25 19:15:00,50.0,825.85,2414.19,45.22,طبيعي (Normal)
2026-06-25 19:20:00,50.0,850.07,2465.4,47.09,طبيعي (Normal)
2026-06-25 19:25:00,50.0,837.42,2458.73,46.79,طبيعي (Normal)
2026-06-25 19:30:00,50.0,846.55,2491.72,45.75,طبيعي (Normal)
2026-06-25 19:35:00,50.0,859.53,2424.53,45.27,طبيعي (Normal)
2026-06-25 19:40:00,50.0,864.17,2443.33,45.94,طبيعي (Normal)
2026-06-25 19:45:00,50.0,855.2,2429.09,45.95,طبيعي (Normal)
2026-06-25 19:50:00,50.0,866.16,2381.19,45.47,طبيعي (Normal)
2026-06-25 19:55:00,50.0,843.58,2452.25,47.33,طبيعي (Normal)
2026-06-25 20:00:00,50.0,873.4,2431.88,44.4,طبيعي (Normal)
2026-06-25 20:05:00,50.0,850.0,2456.51,46.28,طبيعي (Normal)
2026-06-25 20:10:00,50.0,848.84,2468.24,45.9,طبيعي (Normal)
2026-06-25 20:15:00,50.0,875.16,2443.58,46.02,طبيعي (Normal)
2026-06-25 20:20:00,50.0,838.34,2428.72,46.07,طبيعي (Normal)
2026-06-25 20:25:00,50.0,863.77,2465.23,45.7,طبيعي (Normal)
2026-06-25 20:30:00,50.0,859.9,2478.21,45.57,طبيعي (Normal)
2026-06-25 20:35:00,50.0,846.27,2481.08,46.21,طبيعي (Normal)
2026-06-25 20:40:00,50.0,849.11,2432.09,46.18,طبيعي (Normal)
2026-06-25 20:45:00,50.0,844.07,2470.18,46.56,طبيعي (Normal)
2026-06-25 20:50:00,50.0,842.64,2433.08,45.81,طبيعي (Normal)
2026-06-25 20:55:00,50.0,839.0,2447.66,45.77,طبيعي (Normal)
2026-06-25 21:00:00,50.0,842.57,2455.29,45.27,طبيعي (Normal)
2026-06-25 21:05:00,50.0,849.81,2469.38,45.84,طبيعي (Normal)
2026-06-25 21:10:00,50.0,841.35,2466.12,45.95,طبيعي (Normal)
2026-06-25 21:15:00,50.0,849.77,2445.79,47.38,طبيعي (Normal)
2026-06-25 21:20:00,50.0,855.88,2470.36,47.17,طبيعي (Normal)
2026-06-25 21:25:00,50.0,826.68,2478.17,45.84,طبيعي (Normal)
2026-06-25 21:30:00,50.0,833.72,2391.17,45.36,طبيعي (Normal)
2026-06-25 21:35:00,50.0,853.53,2467.79,46.07,طبيعي (Normal)
2026-06-25 21:40:00,50.0,871.71,2452.2,44.82,طبيعي (Normal)
2026-06-25 21:45:00,50.0,843.65,2431.61,46.67,طبيعي (Normal)
2026-06-25 21:50:00,50.0,850.61,2497.34,46.4,طبيعي (Normal)
2026-06-25 21:55:00,50.0,852.51,2392.69,44.87,طبيعي (Normal)
2026-06-25 22:00:00,50.0,869.27,2434.51,45.3,طبيعي (Normal)
2026-06-25 22:05:00,50.0,859.65,2427.56,45.23,طبيعي (Normal)
2026-06-25 22:10:00,50.0,848.31,2450.86,45.49,طبيعي (Normal)
2026-06-25 22:15:00,50.0,853.96,2440.07,45.76,طبيعي (Normal)
2026-06-25 22:20:00,50.0,861.35,2438.0,46.1,طبيعي (Normal)
2026-06-25 22:25:00,50.0,857.88,2441.96,45.63,طبيعي (Normal)
2026-06-25 22:30:00,50.0,845.55,2442.39,44.89,طبيعي (Normal)
2026-06-25 22:35:00,50.0,842.37,2403.29,45.69,طبيعي (Normal)
2026-06-25 22:40:00,50.0,866.41,2476.58,45.24,طبيعي (Normal)
2026-06-25 22:45:00,50.0,864.06,2475.86,46.58,طبيعي (Normal)
2026-06-25 22:50:00,50.0,839.06,2465.56,46.32,طبيعي (Normal)
2026-06-25 22:55:00,50.0,852.65,2486.19,45.71,طبيعي (Normal)
2026-06-25 23:00:00,50.0,875.71,2431.61,44.92,طبيعي (Normal)
2026-06-25 23:05:00,50.0,849.57,2451.27,45.45,طبيعي (Normal)
2026-06-25 23:10:00,50.0,847.2,2436.18,44.69,طبيعي (Normal)
2026-06-25 23:15:00,50.0,857.72,2448.23,46.07,طبيعي (Normal)
2026-06-25 23:20:00,50.0,847.73,2467.63,46.55,طبيعي (Normal)
2026-06-25 23:25:00,50.0,837.42,2413.3,44.54,طبيعي (Normal)
2026-06-25 23:30:00,50.0,834.52,2463.37,46.49,طبيعي (Normal)
2026-06-25 23:35:00,50.0,862.3,2490.02,45.31,طبيعي (Normal)
2026-06-25 23:40:00,50.0,832.92,2450.2,45.12,طبيعي (Normal)
2026-06-25 23:45:00,50.0,852.69,2490.24,47.62,طبيعي (Normal)
2026-06-25 23:50:00,50.0,834.13,2405.24,47.74,طبيعي (Normal)
2026-06-25 23:55:00,50.0,829.66,2458.79,46.56,طبيعي (Normal)
2026-06-26 00:00:00,50.0,848.24,2457.14,44.93,طبيعي (Normal)
2026-06-26 00:05:00,50.0,852.67,2403.36,45.45,طبيعي (Normal)
2026-06-26 00:10:00,50.0,861.06,2441.15,46.56,طبيعي (Normal)
2026-06-26 00:15:00,50.0,865.44,2496.32,45.28,طبيعي (Normal)
2026-06-26 00:20:00,50.0,864.15,2502.56,46.01,طبيعي (Normal)
2026-06-26 00:25:00,50.0,856.82,2452.2,46.63,طبيعي (Normal)
2026-06-26 00:30:00,50.0,860.03,2465.22,47.11,طبيعي (Normal)
2026-06-26 00:35:00,50.0,817.14,2464.9,44.8,طبيعي (Normal)
2026-06-26 00:40:00,50.0,857.6,2443.13,46.06,طبيعي (Normal)
2026-06-26 00:45:00,50.0,889.5,2494.24,46.95,طبيعي (Normal)
2026-06-26 00:50:00,50.0,850.39,2434.87,46.05,طبيعي (Normal)
2026-06-26 00:55:00,50.0,824.75,2407.31,47.07,طبيعي (Normal)
2026-06-26 01:00:00,50.0,846.64,2401.62,46.96,طبيعي (Normal)
2026-06-26 01:05:00,50.0,865.43,2464.23,46.26,طبيعي (Normal)
2026-06-26 01:10:00,50.0,855.63,2493.15,45.85,طبيعي (Normal)
2026-06-26 01:15:00,50.0,849.07,2420.79,45.26,طبيعي (Normal)
2026-06-26 01:20:00,50.0,852.61,2452.84,45.83,طبيعي (Normal)
2026-06-26 01:25:00,50.0,867.22,2426.17,47.72,طبيعي (Normal)
2026-06-26 01:30:00,50.0,843.68,2491.38,45.3,طبيعي (Normal)
2026-06-26 01:35:00,50.0,865.22,2439.8,45.25,طبيعي (Normal)
2026-06-26 01:40:00,50.0,865.11,2469.72,45.93,طبيعي (Normal)
2026-06-26 01:45:00,50.0,859.73,2471.79,46.83,طبيعي (Normal)
2026-06-26 01:50:00,50.0,849.2,2470.34,45.43,طبيعي (Normal)
2026-06-26 01:55:00,50.0,845.54,2490.09,46.7,طبيعي (Normal)
2026-06-26 02:00:00,50.0,845.03,2490.49,45.75,طبيعي (Normal)
2026-06-26 02:05:00,50.0,870.6,2485.05,48.11,طبيعي (Normal)
2026-06-26 02:10:00,50.0,830.2,2447.12,45.75,طبيعي (Normal)
2026-06-26 02:15:00,50.0,851.06,2447.23,46.42,طبيعي (Normal)
2026-06-26 02:20:00,50.0,846.66,2419.61,44.45,طبيعي (Normal)
2026-06-26 02:25:00,50.0,851.4,2476.27,46.11,طبيعي (Normal)
2026-06-26 02:30:00,50.0,866.25,2425.19,44.45,طبيعي (Normal)
2026-06-26 02:35:00,50.0,862.79,2449.02,44.87,طبيعي (Normal)
2026-06-26 02:40:00,50.0,120.0,1300.0,22.0,طبيعي (Normal)
2026-06-26 02:45:00,50.0,118.0,1285.0,22.0,طبيعي (Normal)
2026-06-26 02:50:00,50.0,116.0,1270.0,22.0,طبيعي (Normal)
2026-06-26 02:55:00,50.0,114.0,1255.0,22.0,طبيعي (Normal)
2026-06-26 03:00:00,50.0,112.0,1240.0,22.0,طبيعي (Normal)
2026-06-26 03:05:00,50.0,110.0,1225.0,22.0,طبيعي (Normal)
2026-06-26 03:10:00,50.0,108.0,1210.0,22.0,طبيعي (Normal)
2026-06-26 03:15:00,50.0,106.0,1195.0,22.0,طبيعي (Normal)
2026-06-26 03:20:00,50.0,104.0,1180.0,22.0,طبيعي (Normal)
2026-06-26 03:25:00,50.0,102.0,1165.0,22.0,طبيعي (Normal)
2026-06-26 03:30:00,50.0,100.0,1150.0,22.0,طبيعي (Normal)
2026-06-26 03:35:00,50.0,98.0,1135.0,22.0,طبيعي (Normal)
2026-06-26 03:40:00,50.0,96.0,1120.0,22.0,طبيعي (Normal)
2026-06-26 03:45:00,50.0,94.0,1105.0,22.0,طبيعي (Normal)
2026-06-26 03:50:00,50.0,92.0,1090.0,22.0,طبيعي (Normal)
2026-06-26 03:55:00,50.0,90.0,1075.0,22.0,طبيعي (Normal)
2026-06-26 04:00:00,50.0,88.0,1060.0,22.0,طبيعي (Normal)
2026-06-26 04:05:00,50.0,86.0,1045.0,22.0,طبيعي (Normal)
2026-06-26 04:10:00,50.0,84.0,1030.0,22.0,طبيعي (Normal)
2026-06-26 04:15:00,50.0,82.0,1015.0,22.0,طبيعي (Normal)
2026-06-26 04:20:00,50.0,80.0,1000.0,22.0,طبيعي (Normal)
2026-06-26 04:25:00,50.0,78.0,985.0,22.0,طبيعي (Normal)
2026-06-26 04:30:00,50.0,76.0,970.0,22.0,طبيعي (Normal)
2026-06-26 04:35:00,50.0,74.0,955.0,22.0,طبيعي (Normal)
2026-06-26 04:40:00,50.0,72.0,940.0,22.0,طبيعي (Normal)
2026-06-26 04:45:00,50.0,70.0,925.0,22.0,طبيعي (Normal)
2026-06-26 04:50:00,50.0,68.0,910.0,22.0,طبيعي (Normal)
2026-06-26 04:55:00,50.0,66.0,895.0,22.0,طبيعي (Normal)
2026-06-26 05:00:00,50.0,64.0,880.0,22.0,طبيعي (Normal)
2026-06-26 05:05:00,50.0,62.0,865.0,22.0,طبيعي (Normal)
2026-06-26 05:10:00,50.0,60.0,850.0,22.0,طبيعي (Normal)
2026-06-26 05:15:00,50.0,830.45,2498.43,45.95,طبيعي (Normal)
2026-06-26 05:20:00,50.0,842.35,2417.52,45.69,طبيعي (Normal)
2026-06-26 05:25:00,50.0,824.05,2458.66,46.22,طبيعي (Normal)
2026-06-26 05:30:00,50.0,853.16,2462.18,45.71,طبيعي (Normal)
2026-06-26 05:35:00,50.0,863.84,2474.11,45.3,طبيعي (Normal)
2026-06-26 05:40:00,50.0,832.3,2438.61,46.81,طبيعي (Normal)
2026-06-26 05:45:00,50.0,842.19,2487.94,46.05,طبيعي (Normal)
2026-06-26 05:50:00,50.0,853.91,2421.18,45.71,طبيعي (Normal)
2026-06-26 05:55:00,50.0,833.49,2501.8,45.44,طبيعي (Normal)
2026-06-26 06:00:00,50.0,837.11,2486.91,46.96,طبيعي (Normal)
2026-06-26 06:05:00,50.0,842.63,2447.94,44.93,طبيعي (Normal)
2026-06-26 06:10:00,50.0,849.15,2450.71,47.62,طبيعي (Normal)
2026-06-26 06:15:00,50.0,859.72,2418.3,46.57,طبيعي (Normal)
2026-06-26 06:20:00,50.0,866.52,2397.23,45.42,طبيعي (Normal)
2026-06-26 06:25:00,50.0,855.67,2436.72,46.41,طبيعي (Normal)
2026-06-26 06:30:00,50.0,830.39,2401.67,46.84,طبيعي (Normal)
2026-06-26 06:35:00,50.0,840.56,2488.57,46.44,طبيعي (Normal)
2026-06-26 06:40:00,50.0,855.31,2448.18,45.05,طبيعي (Normal)
2026-06-26 06:45:00,50.0,858.5,2457.79,45.22,طبيعي (Normal)
2026-06-26 06:50:00,50.0,843.23,2455.17,45.56,طبيعي (Normal)
2026-06-26 06:55:00,50.0,854.34,2484.48,46.54,طبيعي (Normal)
2026-06-26 07:00:00,50.0,830.72,2435.85,47.11,طبيعي (Normal)
2026-06-26 07:05:00,50.0,851.61,2488.03,47.11,طبيعي (Normal)
2026-06-26 07:10:00,50.0,857.24,2393.69,47.27,طبيعي (Normal)
2026-06-26 07:15:00,50.0,822.66,2423.26,46.34,طبيعي (Normal)
2026-06-26 07:20:00,50.0,825.16,2402.54,47.67,طبيعي (Normal)
2026-06-26 07:25:00,50.0,877.53,2468.57,45.89,طبيعي (Normal)
2026-06-26 07:30:00,50.0,862.94,2456.63,45.83,طبيعي (Normal)
2026-06-26 07:35:00,50.0,848.04,2468.15,45.55,طبيعي (Normal)
2026-06-26 07:40:00,50.0,840.97,2450.72,45.46,طبيعي (Normal)
2026-06-26 07:45:00,50.0,811.35,2398.33,45.46,طبيعي (Normal)
2026-06-26 07:50:00,50.0,844.99,2446.84,46.41,طبيعي (Normal)
2026-06-26 07:55:00,50.0,836.96,2465.28,46.76,طبيعي (Normal)
2026-06-26 08:00:00,50.0,866.39,2438.23,45.94,طبيعي (Normal)
2026-06-26 08:05:00,50.0,862.13,2421.96,46.62,طبيعي (Normal)
2026-06-26 08:10:00,50.0,879.15,2437.06,46.91,طبيعي (Normal)
2026-06-26 08:15:00,50.0,850.25,2442.87,47.17,طبيعي (Normal)
2026-06-26 08:20:00,50.0,850.26,2442.42,47.08,طبيعي (Normal)
2026-06-26 08:25:00,50.0,855.61,2395.53,45.08,طبيعي (Normal)
2026-06-26 08:30:00,50.0,841.67,2451.36,46.61,طبيعي (Normal)
2026-06-26 08:35:00,50.0,837.61,2449.99,46.45,طبيعي (Normal)
2026-06-26 08:40:00,50.0,848.56,2488.25,47.13,طبيعي (Normal)
2026-06-26 08:45:00,50.0,869.52,2447.49,45.6,طبيعي (Normal)
2026-06-26 08:50:00,50.0,850.38,2467.52,45.31,طبيعي (Normal)
2026-06-26 08:55:00,50.0,832.7,2395.04,47.19,طبيعي (Normal)
2026-06-26 09:00:00,50.0,837.06,2411.2,46.66,طبيعي (Normal)
2026-06-26 09:05:00,50.0,847.71,2457.76,46.18,طبيعي (Normal)
2026-06-26 09:10:00,50.0,861.05,2456.55,45.4,طبيعي (Normal)
2026-06-26 09:15:00,50.0,866.87,2458.98,47.04,طبيعي (Normal)
2026-06-26 09:20:00,50.0,865.06,2421.34,47.08,طبيعي (Normal)
2026-06-26 09:25:00,50.0,860.4,2440.71,45.88,طبيعي (Normal)
2026-06-26 09:30:00,50.0,871.27,2435.86,46.28,طبيعي (Normal)
2026-06-26 09:35:00,50.0,853.49,2413.77,48.03,طبيعي (Normal)
2026-06-26 09:40:00,50.0,838.61,2455.91,47.37,طبيعي (Normal)
2026-06-26 09:45:00,50.0,881.5,2417.12,46.32,طبيعي (Normal)
2026-06-26 09:50:00,50.0,873.02,2532.97,46.67,طبيعي (Normal)
2026-06-26 09:55:00,50.0,855.78,2431.88,47.04,طبيعي (Normal)
2026-06-26 10:00:00,50.0,829.73,2440.81,45.62,طبيعي (Normal)
2026-06-26 10:05:00,50.0,878.5,2453.0,44.76,طبيعي (Normal)
2026-06-26 10:10:00,50.0,850.19,2490.55,45.41,طبيعي (Normal)
2026-06-26 10:15:00,50.0,847.07,2482.05,45.69,طبيعي (Normal)
2026-06-26 10:20:00,50.0,879.45,2423.22,46.08,طبيعي (Normal)
2026-06-26 10:25:00,50.0,845.54,2463.14,44.39,طبيعي (Normal)
2026-06-26 10:30:00,50.0,871.81,2475.1,45.75,طبيعي (Normal)
2026-06-26 10:35:00,50.0,870.83,2415.29,45.32,طبيعي (Normal)
2026-06-26 10:40:00,50.0,863.97,2492.49,47.26,طبيعي (Normal)
2026-06-26 10:45:00,50.0,857.64,2454.33,44.82,طبيعي (Normal)
2026-06-26 10:50:00,50.0,851.64,2466.63,46.07,طبيعي (Normal)
2026-06-26 10:55:00,50.0,864.2,2441.44,46.47,طبيعي (Normal)
2026-06-26 11:00:00,50.0,867.43,2426.25,45.6,طبيعي (Normal)
2026-06-26 11:05:00,50.0,849.75,2450.58,45.77,طبيعي (Normal)
2026-06-26 11:10:00,50.0,874.17,2447.07,44.58,طبيعي (Normal)
2026-06-26 11:15:00,50.0,874.22,2396.75,45.64,طبيعي (Normal)
2026-06-26 11:20:00,50.0,862.92,2470.73,47.43,طبيعي (Normal)
2026-06-26 11:25:00,50.0,846.24,2409.09,46.07,طبيعي (Normal)
2026-06-26 11:30:00,50.0,825.78,2404.32,44.75,طبيعي (Normal)
2026-06-26 11:35:00,50.0,864.43,2401.56,46.71,طبيعي (Normal)
2026-06-26 11:40:00,50.0,831.14,2440.32,47.41,طبيعي (Normal)
2026-06-26 11:45:00,50.0,833.54,2427.11,47.03,طبيعي (Normal)
2026-06-26 11:50:00,50.0,854.31,2460.84,45.62,طبيعي (Normal)
2026-06-26 11:55:00,50.0,844.07,2457.38,45.69,طبيعي (Normal)
2026-06-26 12:00:00,50.0,831.04,2428.46,45.8,طبيعي (Normal)
2026-06-26 12:05:00,50.0,858.51,2440.69,46.15,طبيعي (Normal)
2026-06-26 12:10:00,50.0,885.32,2453.86,46.34,طبيعي (Normal)
2026-06-26 12:15:00,50.0,868.09,2480.35,46.92,طبيعي (Normal)
2026-06-26 12:20:00,50.0,829.23,2415.9,45.27,طبيعي (Normal)
2026-06-26 12:25:00,50.0,835.39,2475.21,46.71,طبيعي (Normal)
2026-06-26 12:30:00,50.0,835.1,2422.96,46.58,طبيعي (Normal)
2026-06-26 12:35:00,50.0,868.74,2437.21,45.41,طبيعي (Normal)
2026-06-26 12:40:00,50.0,805.95,2480.11,46.25,طبيعي (Normal)
2026-06-26 12:45:00,50.0,852.85,2436.46,44.43,طبيعي (Normal)
2026-06-26 12:50:00,50.0,841.81,2460.79,44.97,طبيعي (Normal)
2026-06-26 12:55:00,50.0,828.94,2441.16,45.33,طبيعي (Normal)
2026-06-26 13:00:00,50.0,840.15,2450.67,47.35,طبيعي (Normal)
2026-06-26 13:05:00,50.0,849.05,2472.19,45.67,طبيعي (Normal)
2026-06-26 13:10:00,50.0,844.11,2459.02,45.28,طبيعي (Normal)
2026-06-26 13:15:00,50.0,849.97,2462.03,45.53,طبيعي (Normal)
2026-06-26 13:20:00,50.0,851.9,2485.95,46.82,طبيعي (Normal)
2026-06-26 13:25:00,50.0,855.3,2461.33,47.38,طبيعي (Normal)
2026-06-26 13:30:00,50.0,831.29,2461.61,46.0,طبيعي (Normal)
2026-06-26 13:35:00,50.0,843.52,2459.21,45.74,طبيعي (Normal)
2026-06-26 13:40:00,50.0,862.61,2403.17,45.54,طبيعي (Normal)
2026-06-26 13:45:00,50.0,841.84,2468.99,45.62,طبيعي (Normal)
2026-06-26 13:50:00,50.0,879.08,2484.18,45.91,طبيعي (Normal)
2026-06-26 13:55:00,50.0,853.34,2389.49,45.6,طبيعي (Normal)
2026-06-26 14:00:00,50.0,829.63,2486.01,47.43,طبيعي (Normal)
2026-06-26 14:05:00,50.0,853.97,2505.46,46.68,طبيعي (Normal)
2026-06-26 14:10:00,50.0,856.36,2431.72,46.11,طبيعي (Normal)
2026-06-26 14:15:00,50.0,843.24,2459.47,45.83,طبيعي (Normal)
2026-06-26 14:20:00,50.0,884.93,2484.8,47.45,طبيعي (Normal)
2026-06-26 14:25:00,50.0,846.91,2452.72,45.36,طبيعي (Normal)
2026-06-26 14:30:00,50.0,854.65,2441.1,45.97,طبيعي (Normal)
2026-06-26 14:35:00,50.0,855.81,2490.89,44.98,طبيعي (Normal)
2026-06-26 14:40:00,50.0,847.53,2473.96,47.73,طبيعي (Normal)
2026-06-26 14:45:00,50.0,882.95,2461.35,46.03,طبيعي (Normal)
2026-06-26 14:50:00,50.0,870.99,2373.85,47.18,طبيعي (Normal)
2026-06-26 14:55:00,50.0,842.93,2483.16,47.31,طبيعي (Normal)
2026-06-26 15:00:00,50.0,831.99,2471.12,46.44,طبيعي (Normal)
2026-06-26 15:05:00,50.0,859.41,2432.57,45.88,طبيعي (Normal)
2026-06-26 15:10:00,50.0,863.48,2504.95,46.36,طبيعي (Normal)
2026-06-26 15:15:00,50.0,836.07,2468.05,45.64,طبيعي (Normal)
2026-06-26 15:20:00,50.0,848.23,2428.1,46.66,طبيعي (Normal)
2026-06-26 15:25:00,50.0,860.31,2478.69,46.67,طبيعي (Normal)
2026-06-26 15:30:00,50.0,844.47,2431.78,46.63,طبيعي (Normal)
2026-06-26 15:35:00,50.0,855.98,2475.22,44.22,طبيعي (Normal)
2026-06-26 15:40:00,50.0,830.66,2423.83,47.02,طبيعي (Normal)
2026-06-26 15:45:00,50.0,870.45,2473.48,43.75,طبيعي (Normal)
2026-06-26 15:50:00,50.0,843.87,2377.68,46.05,طبيعي (Normal)
2026-06-26 15:55:00,50.0,869.64,2487.13,45.07,طبيعي (Normal)
2026-06-26 16:00:00,50.0,836.42,2482.23,46.11,طبيعي (Normal)
2026-06-26 16:05:00,50.0,859.28,2419.61,45.09,طبيعي (Normal)
2026-06-26 16:10:00,50.0,857.61,2451.44,46.74,طبيعي (Normal)
2026-06-26 16:15:00,50.0,843.47,2460.98,46.78,طبيعي (Normal)
2026-06-26 16:20:00,50.0,824.49,2434.58,47.06,طبيعي (Normal)
2026-06-26 16:25:00,50.0,844.29,2485.66,45.62,طبيعي (Normal)
2026-06-26 16:30:00,50.0,835.63,2434.8,45.23,طبيعي (Normal)
2026-06-26 16:35:00,50.0,846.73,2430.14,44.22,طبيعي (Normal)
2026-06-26 16:40:00,50.0,848.98,2465.84,46.6,طبيعي (Normal)
2026-06-26 16:45:00,50.0,875.24,2407.01,45.87,طبيعي (Normal)
2026-06-26 16:50:00,50.0,830.34,2501.41,43.83,طبيعي (Normal)
2026-06-26 16:55:00,50.0,838.57,2494.78,46.64,طبيعي (Normal)
2026-06-26 17:00:00,50.0,830.88,2414.01,46.44,طبيعي (Normal)
2026-06-26 17:05:00,50.0,861.06,2424.55,46.67,طبيعي (Normal)
2026-06-26 17:10:00,50.0,841.18,2461.85,46.48,طبيعي (Normal)
2026-06-26 17:15:00,50.0,867.06,2510.38,44.94,طبيعي (Normal)
2026-06-26 17:20:00,50.0,841.14,2443.24,46.7,طبيعي (Normal)
2026-06-26 17:25:00,50.0,835.53,2440.25,46.23,طبيعي (Normal)
2026-06-26 17:30:00,50.0,851.02,2445.41,44.76,طبيعي (Normal)
2026-06-26 17:35:00,50.0,866.98,2512.99,46.55,طبيعي (Normal)
2026-06-26 17:40:00,50.0,832.5,2422.42,46.65,طبيعي (Normal)
2026-06-26 17:45:00,50.0,840.72,2417.12,45.33,طبيعي (Normal)
2026-06-26 17:50:00,50.0,850.93,2418.36,46.09,طبيعي (Normal)
2026-06-26 17:55:00,50.0,870.11,2465.25,44.71,طبيعي (Normal)
2026-06-26 18:00:00,50.0,836.38,2472.6,45.83,طبيعي (Normal)
2026-06-26 18:05:00,50.0,824.0,2500.7,45.78,طبيعي (Normal)
2026-06-26 18:10:00,50.0,869.89,2469.02,44.77,طبيعي (Normal)
2026-06-26 18:15:00,50.0,865.53,2477.38,46.53,طبيعي (Normal)
2026-06-26 18:20:00,50.0,861.27,2409.51,45.08,طبيعي (Normal)
2026-06-26 18:25:00,50.0,849.6,2376.04,44.8,طبيعي (Normal)
2026-06-26 18:30:00,50.0,829.21,2390.64,46.03,طبيعي (Normal)
2026-06-26 18:35:00,50.0,855.02,2467.49,44.76,طبيعي (Normal)
2026-06-26 18:40:00,50.0,854.75,2492.4,46.98,طبيعي (Normal)
2026-06-26 18:45:00,50.0,830.04,2429.83,45.63,طبيعي (Normal)
2026-06-26 18:50:00,50.0,833.16,2386.8,46.87,طبيعي (Normal)
2026-06-26 18:55:00,50.0,828.36,2451.92,45.12,طبيعي (Normal)
2026-06-26 19:00:00,50.0,872.46,2493.16,46.94,طبيعي (Normal)
2026-06-26 19:05:00,50.0,859.49,2439.18,45.55,طبيعي (Normal)
2026-06-26 19:10:00,50.0,889.39,2431.86,45.41,طبيعي (Normal)
2026-06-26 19:15:00,50.0,855.28,2450.56,47.28,طبيعي (Normal)
2026-06-26 19:20:00,50.0,846.65,2473.46,44.68,طبيعي (Normal)
2026-06-26 19:25:00,50.0,887.19,2369.69,45.92,طبيعي (Normal)
2026-06-26 19:30:00,50.0,841.77,2425.54,46.55,طبيعي (Normal)
2026-06-26 19:35:00,50.0,839.46,2460.95,46.08,طبيعي (Normal)
2026-06-26 19:40:00,50.0,834.18,2454.78,46.43,طبيعي (Normal)
2026-06-26 19:45:00,50.0,839.29,2426.07,45.37,طبيعي (Normal)
2026-06-26 19:50:00,50.0,847.12,2434.15,45.17,طبيعي (Normal)
2026-06-26 19:55:00,50.0,849.58,2478.95,44.81,طبيعي (Normal)
2026-06-26 20:00:00,50.0,861.28,2467.92,45.68,طبيعي (Normal)
2026-06-26 20:05:00,50.0,872.2,2480.93,44.49,طبيعي (Normal)
2026-06-26 20:10:00,50.0,854.89,2447.41,45.9,طبيعي (Normal)
2026-06-26 20:15:00,50.0,868.45,2483.65,45.9,طبيعي (Normal)
2026-06-26 20:20:00,50.0,837.22,2402.32,46.88,طبيعي (Normal)
2026-06-26 20:25:00,50.0,842.54,2459.04,46.52,طبيعي (Normal)
2026-06-26 20:30:00,50.0,860.27,2421.61,45.34,طبيعي (Normal)
2026-06-26 20:35:00,50.0,831.34,2440.78,46.08,طبيعي (Normal)
2026-06-26 20:40:00,50.0,826.57,2393.29,46.5,طبيعي (Normal)
2026-06-26 20:45:00,50.0,842.06,2427.37,46.32,طبيعي (Normal)
2026-06-26 20:50:00,50.0,843.58,2458.49,46.17,طبيعي (Normal)
2026-06-26 20:55:00,50.0,847.44,2460.58,46.66,طبيعي (Normal)
2026-06-26 21:00:00,50.0,841.96,2417.4,45.5,طبيعي (Normal)
2026-06-26 21:05:00,50.0,844.36,2437.24,46.06,طبيعي (Normal)
2026-06-26 21:10:00,50.0,855.99,2395.99,45.65,طبيعي (Normal)
2026-06-26 21:15:00,50.0,841.66,2403.72,47.32,طبيعي (Normal)
2026-06-26 21:20:00,50.0,875.45,2441.71,44.62,طبيعي (Normal)
2026-06-26 21:25:00,50.0,854.33,2438.45,45.52,طبيعي (Normal)
2026-06-26 21:30:00,50.0,851.66,2454.89,45.94,طبيعي (Normal)
2026-06-26 21:35:00,50.0,845.34,2413.7,46.47,طبيعي (Normal)
2026-06-26 21:40:00,50.0,856.21,2432.11,46.92,طبيعي (Normal)
2026-06-26 21:45:00,50.0,835.87,2441.0,45.97,طبيعي (Normal)
2026-06-26 21:50:00,50.0,847.2,2485.22,46.5,طبيعي (Normal)
2026-06-26 21:55:00,50.0,838.4,2459.35,47.19,طبيعي (Normal)
2026-06-26 22:00:00,50.0,837.96,2469.77,46.61,طبيعي (Normal)
2026-06-26 22:05:00,50.0,883.16,2466.66,45.84,طبيعي (Normal)
2026-06-26 22:10:00,50.0,873.15,2369.19,46.77,طبيعي (Normal)
2026-06-26 22:15:00,50.0,851.3,2386.76,47.1,طبيعي (Normal)
2026-06-26 22:20:00,50.0,855.38,2427.71,46.21,طبيعي (Normal)
2026-06-26 22:25:00,50.0,826.47,2472.19,47.0,طبيعي (Normal)
2026-06-26 22:30:00,50.0,861.91,2439.62,46.36,طبيعي (Normal)
2026-06-26 22:35:00,50.0,863.3,2436.36,45.66,طبيعي (Normal)
2026-06-26 22:40:00,50.0,851.2,2430.29,44.74,طبيعي (Normal)
2026-06-26 22:45:00,50.0,867.39,2414.04,46.91,طبيعي (Normal)
2026-06-26 22:50:00,50.0,834.39,2416.48,45.45,طبيعي (Normal)
2026-06-26 22:55:00,50.0,846.08,2438.64,44.06,طبيعي (Normal)
2026-06-26 23:00:00,50.0,850.22,2462.46,47.33,طبيعي (Normal)
2026-06-26 23:05:00,50.0,851.19,2420.69,47.08,طبيعي (Normal)
2026-06-26 23:10:00,50.0,858.23,2413.43,45.51,طبيعي (Normal)
2026-06-26 23:15:00,50.0,855.87,2427.26,45.98,طبيعي (Normal)
2026-06-26 23:20:00,50.0,827.32,2482.56,45.85,طبيعي (Normal)
2026-06-26 23:25:00,50.0,842.19,2435.08,44.54,طبيعي (Normal)
2026-06-26 23:30:00,50.0,842.21,2489.79,46.6,طبيعي (Normal)
2026-06-26 23:35:00,50.0,861.84,2505.96,46.34,طبيعي (Normal)
2026-06-26 23:40:00,50.0,860.96,2456.33,45.96,طبيعي (Normal)
2026-06-26 23:45:00,50.0,863.66,2467.36,46.94,طبيعي (Normal)
2026-06-26 23:50:00,50.0,840.57,2478.27,45.19,طبيعي (Normal)
2026-06-26 23:55:00,50.0,847.94,2499.15,45.98,طبيعي (Normal)
2026-06-27 00:00:00,50.0,840.63,2449.64,46.18,طبيعي (Normal)
2026-06-27 00:05:00,50.0,828.37,2473.36,46.26,طبيعي (Normal)
2026-06-27 00:10:00,50.0,858.67,2465.66,45.39,طبيعي (Normal)
2026-06-27 00:15:00,50.0,843.09,2442.87,46.07,طبيعي (Normal)
2026-06-27 00:20:00,50.0,818.95,2449.17,47.27,طبيعي (Normal)
2026-06-27 00:25:00,50.0,850.31,2419.88,46.1,طبيعي (Normal)
2026-06-27 00:30:00,50.0,856.95,2430.6,47.08,طبيعي (Normal)
2026-06-27 00:35:00,50.0,827.65,2469.4,45.81,طبيعي (Normal)
2026-06-27 00:40:00,50.0,830.65,2469.01,45.67,طبيعي (Normal)
2026-06-27 00:45:00,50.0,879.37,2455.25,46.73,طبيعي (Normal)
2026-06-27 00:50:00,50.0,823.77,2487.99,44.91,طبيعي (Normal)
2026-06-27 00:55:00,50.0,884.39,2462.95,46.72,طبيعي (Normal)
2026-06-27 01:00:00,50.0,820.44,2416.72,45.7,طبيعي (Normal)
2026-06-27 01:05:00,50.0,839.51,2463.2,47.55,طبيعي (Normal)
2026-06-27 01:10:00,50.0,861.99,2424.28,46.0,طبيعي (Normal)
2026-06-27 01:15:00,50.0,844.12,2392.49,45.75,طبيعي (Normal)
2026-06-27 01:20:00,50.0,836.48,2460.68,45.44,طبيعي (Normal)
2026-06-27 01:25:00,50.0,856.92,2434.75,45.46,طبيعي (Normal)
2026-06-27 01:30:00,50.0,872.89,2433.41,45.37,طبيعي (Normal)
2026-06-27 01:35:00,50.0,858.08,2463.33,45.78,طبيعي (Normal)
2026-06-27 01:40:00,50.0,835.83,2464.55,46.15,طبيعي (Normal)
2026-06-27 01:45:00,50.0,858.7,2439.24,46.68,طبيعي (Normal)
2026-06-27 01:50:00,50.0,845.06,2489.31,47.1,طبيعي (Normal)
2026-06-27 01:55:00,50.0,826.98,2466.64,45.26,طبيعي (Normal)
2026-06-27 02:00:00,50.0,839.79,2455.14,46.64,طبيعي (Normal)
2026-06-27 02:05:00,50.0,855.75,2446.64,46.27,طبيعي (Normal)
2026-06-27 02:10:00,50.0,854.26,2422.01,46.02,طبيعي (Normal)
2026-06-27 02:15:00,50.0,839.16,2430.21,44.58,طبيعي (Normal)
2026-06-27 02:20:00,50.0,844.65,2433.75,45.47,طبيعي (Normal)
2026-06-27 02:25:00,50.0,835.09,2429.05,45.94,طبيعي (Normal)
2026-06-27 02:30:00,50.0,871.7,2430.01,46.12,طبيعي (Normal)
2026-06-27 02:35:00,50.0,839.2,2392.68,45.58,طبيعي (Normal)
2026-06-27 02:40:00,50.0,832.15,2508.47,46.28,طبيعي (Normal)
2026-06-27 02:45:00,50.0,848.05,2470.98,46.88,طبيعي (Normal)
2026-06-27 02:50:00,50.0,872.9,2428.97,45.28,طبيعي (Normal)
2026-06-27 02:55:00,50.0,848.75,2464.15,45.41,طبيعي (Normal)
2026-06-27 03:00:00,50.0,839.56,2394.44,45.44,طبيعي (Normal)
2026-06-27 03:05:00,50.0,851.53,2471.83,45.84,طبيعي (Normal)
2026-06-27 03:10:00,50.0,883.33,2457.17,46.03,طبيعي (Normal)
2026-06-27 03:15:00,50.0,864.45,2423.93,46.19,طبيعي (Normal)
2026-06-27 03:20:00,50.0,844.03,2431.16,46.28,طبيعي (Normal)
2026-06-27 03:25:00,50.0,846.34,2495.48,45.45,طبيعي (Normal)
2026-06-27 03:30:00,50.0,879.4,2483.01,46.34,طبيعي (Normal)
2026-06-27 03:35:00,50.0,850.77,2395.69,46.62,طبيعي (Normal)
2026-06-27 03:40:00,50.0,845.91,2444.26,45.79,طبيعي (Normal)
2026-06-27 03:45:00,50.0,842.71,2503.69,47.15,طبيعي (Normal)
2026-06-27 03:50:00,50.0,862.56,2444.3,44.76,طبيعي (Normal)
2026-06-27 03:55:00,50.0,840.68,2481.95,46.6,طبيعي (Normal)
2026-06-27 04:00:00,50.0,855.56,2448.09,46.59,طبيعي (Normal)
2026-06-27 04:05:00,50.0,861.09,2480.92,45.4,طبيعي (Normal)
2026-06-27 04:10:00,50.0,858.4,2466.86,46.64,طبيعي (Normal)
2026-06-27 04:15:00,50.0,847.36,2474.17,46.62,طبيعي (Normal)
2026-06-27 04:20:00,50.0,852.88,2440.78,46.87,طبيعي (Normal)
2026-06-27 04:25:00,50.0,874.06,2475.15,44.64,طبيعي (Normal)
2026-06-27 04:30:00,50.0,824.57,2448.56,46.9,طبيعي (Normal)
2026-06-27 04:35:00,50.0,852.58,2414.15,45.98,طبيعي (Normal)
2026-06-27 04:40:00,50.0,861.45,2489.42,46.22,طبيعي (Normal)
2026-06-27 04:45:00,50.0,843.35,2502.83,45.48,طبيعي (Normal)
2026-06-27 04:50:00,50.0,860.61,2417.55,47.09,طبيعي (Normal)
2026-06-27 04:55:00,50.0,828.72,2465.87,46.02,طبيعي (Normal)
2026-06-27 05:00:00,50.0,843.53,2461.22,46.54,طبيعي (Normal)
2026-06-27 05:05:00,50.0,861.66,2470.02,46.73,طبيعي (Normal)
2026-06-27 05:10:00,50.0,843.86,2491.96,46.84,طبيعي (Normal)
2026-06-27 05:15:00,50.0,839.06,2428.97,46.03,طبيعي (Normal)
2026-06-27 05:20:00,50.0,850.17,2475.42,45.54,طبيعي (Normal)
2026-06-27 05:25:00,50.0,846.43,2446.76,46.57,طبيعي (Normal)
2026-06-27 05:30:00,50.0,850.87,2439.64,46.04,طبيعي (Normal)
2026-06-27 05:35:00,50.0,855.05,2433.62,45.46,طبيعي (Normal)
2026-06-27 05:40:00,50.0,851.08,2446.62,45.92,طبيعي (Normal)
2026-06-27 05:45:00,50.0,837.14,2447.98,46.47,طبيعي (Normal)
2026-06-27 05:50:00,50.0,852.9,2448.85,44.57,طبيعي (Normal)
2026-06-27 05:55:00,50.0,815.74,2422.23,45.33,طبيعي (Normal)
2026-06-27 06:00:00,50.0,868.48,2433.82,46.09,طبيعي (Normal)
2026-06-27 06:05:00,50.0,859.6,2389.64,46.49,طبيعي (Normal)
2026-06-27 06:10:00,50.0,812.49,2455.12,45.4,طبيعي (Normal)
2026-06-27 06:15:00,50.0,846.17,2499.66,45.16,طبيعي (Normal)
2026-06-27 06:20:00,50.0,840.48,2488.16,44.6,طبيعي (Normal)
2026-06-27 06:25:00,50.0,835.74,2462.1,46.41,طبيعي (Normal)
2026-06-27 06:30:00,50.0,870.33,2435.02,47.28,طبيعي (Normal)
2026-06-27 06:35:00,50.0,852.3,2409.95,46.33,طبيعي (Normal)
2026-06-27 06:40:00,50.0,854.59,2461.81,46.38,طبيعي (Normal)
2026-06-27 06:45:00,50.0,838.11,2451.47,45.74,طبيعي (Normal)
2026-06-27 06:50:00,50.0,846.06,2452.78,44.75,طبيعي (Normal)
2026-06-27 06:55:00,50.0,857.72,2459.84,46.13,طبيعي (Normal)
2026-06-27 07:00:00,50.0,835.29,2512.24,46.75,طبيعي (Normal)
2026-06-27 07:05:00,50.0,850.97,2472.86,44.4,طبيعي (Normal)
2026-06-27 07:10:00,50.0,837.71,2446.0,46.25,طبيعي (Normal)
2026-06-27 07:15:00,50.0,828.04,2454.59,44.8,طبيعي (Normal)
2026-06-27 07:20:00,50.0,862.72,2419.81,45.37,طبيعي (Normal)
2026-06-27 07:25:00,50.0,844.28,2487.57,46.1,طبيعي (Normal)
2026-06-27 07:30:00,50.0,861.28,2460.7,45.47,طبيعي (Normal)
2026-06-27 07:35:00,50.0,821.13,2460.03,45.5,طبيعي (Normal)
2026-06-27 07:40:00,50.0,852.14,2469.59,46.6,طبيعي (Normal)
2026-06-27 07:45:00,50.0,825.18,2461.5,45.65,طبيعي (Normal)
2026-06-27 07:50:00,50.0,841.77,2465.5,45.84,طبيعي (Normal)
2026-06-27 07:55:00,50.0,861.66,2444.08,46.29,طبيعي (Normal)
2026-06-27 08:00:00,50.0,840.87,2376.99,44.71,طبيعي (Normal)
2026-06-27 08:05:00,50.0,855.38,2450.63,46.01,طبيعي (Normal)
2026-06-27 08:10:00,50.0,854.25,2458.72,46.16,طبيعي (Normal)
2026-06-27 08:15:00,50.0,831.44,2469.68,46.45,طبيعي (Normal)
2026-06-27 08:20:00,50.0,855.38,2469.17,45.51,طبيعي (Normal)
2026-06-27 08:25:00,50.0,854.2,2450.37,45.35,طبيعي (Normal)
2026-06-27 08:30:00,50.0,827.05,2443.69,45.99,طبيعي (Normal)
2026-06-27 08:35:00,50.0,847.81,2460.46,45.33,طبيعي (Normal)
2026-06-27 08:40:00,50.0,827.87,2424.78,46.38,طبيعي (Normal)
2026-06-27 08:45:00,50.0,870.14,2462.81,45.99,طبيعي (Normal)
2026-06-27 08:50:00,50.0,850.67,2439.4,44.86,طبيعي (Normal)
2026-06-27 08:55:00,50.0,842.48,2444.03,46.22,طبيعي (Normal)
2026-06-27 09:00:00,50.0,858.09,2444.07,45.46,طبيعي (Normal)
2026-06-27 09:05:00,50.0,853.05,2477.4,45.13,طبيعي (Normal)
2026-06-27 09:10:00,50.0,868.47,2464.02,45.57,طبيعي (Normal)
2026-06-27 09:15:00,50.0,855.14,2425.96,47.5,طبيعي (Normal)
2026-06-27 09:20:00,50.0,853.98,2470.38,46.16,طبيعي (Normal)
2026-06-27 09:25:00,50.0,841.15,2436.42,45.14,طبيعي (Normal)
2026-06-27 09:30:00,50.0,847.11,2411.83,46.15,طبيعي (Normal)
2026-06-27 09:35:00,50.0,829.64,2471.57,46.45,طبيعي (Normal)
2026-06-27 09:40:00,50.0,838.42,2402.84,46.95,طبيعي (Normal)
2026-06-27 09:45:00,50.0,855.92,2493.1,45.45,طبيعي (Normal)
2026-06-27 09:50:00,50.0,851.35,2480.06,45.11,طبيعي (Normal)
2026-06-27 09:55:00,50.0,840.13,2446.93,45.64,طبيعي (Normal)
2026-06-27 10:00:00,50.0,842.73,2401.18,45.13,طبيعي (Normal)
2026-06-27 10:05:00,50.0,839.31,2477.2,45.81,طبيعي (Normal)
2026-06-27 10:10:00,50.0,862.42,2436.99,46.94,طبيعي (Normal)
2026-06-27 10:15:00,50.0,850.07,2420.58,45.17,طبيعي (Normal)
2026-06-27 10:20:00,50.0,862.89,2458.43,47.25,طبيعي (Normal)
2026-06-27 10:25:00,50.0,841.42,2462.31,45.31,طبيعي (Normal)
2026-06-27 10:30:00,50.0,833.37,2445.3,46.05,طبيعي (Normal)
2026-06-27 10:35:00,50.0,840.12,2446.77,44.55,طبيعي (Normal)
2026-06-27 10:40:00,50.0,835.8,2516.95,46.24,طبيعي (Normal)
2026-06-27 10:45:00,50.0,829.77,2435.64,45.46,طبيعي (Normal)
2026-06-27 10:50:00,50.0,845.09,2434.61,45.39,طبيعي (Normal)
2026-06-27 10:55:00,50.0,835.4,2433.77,46.94,طبيعي (Normal)
2026-06-27 11:00:00,50.0,863.76,2411.46,45.26,طبيعي (Normal)
2026-06-27 11:05:00,50.0,832.35,2429.08,47.15,طبيعي (Normal)
2026-06-27 11:10:00,50.0,857.11,2474.2,45.48,طبيعي (Normal)
2026-06-27 11:15:00,50.0,878.48,2452.52,46.41,طبيعي (Normal)
2026-06-27 11:20:00,50.0,858.11,2451.33,46.1,طبيعي (Normal)
2026-06-27 11:25:00,50.0,831.69,2404.07,46.42,طبيعي (Normal)
2026-06-27 11:30:00,50.0,854.96,2476.49,45.55,طبيعي (Normal)
2026-06-27 11:35:00,50.0,850.97,2440.12,46.59,طبيعي (Normal)
2026-06-27 11:40:00,50.0,843.28,2469.48,46.11,طبيعي (Normal)
2026-06-27 11:45:00,50.0,852.78,2407.82,46.68,طبيعي (Normal)
2026-06-27 11:50:00,50.0,847.11,2439.0,45.26,طبيعي (Normal)
2026-06-27 11:55:00,50.0,844.9,2485.64,44.92,طبيعي (Normal)
2026-06-27 12:00:00,52.0,750.0,2100.0,45.0,عالي جداً (Critical Fluctuation)
2026-06-27 12:05:00,52.0,750.0,2100.0,45.0,عالي جداً (Critical Fluctuation)
2026-06-27 12:10:00,52.0,750.0,2100.0,45.0,عالي جداً (Critical Fluctuation)
2026-06-27 12:15:00,52.0,750.0,2100.0,45.0,عالي جداً (Critical Fluctuation)
2026-06-27 12:20:00,52.0,750.0,2100.0,45.0,عالي جداً (Critical Fluctuation)
2026-06-27 12:25:00,52.0,750.0,2100.0,45.0,عالي جداً (Critical Fluctuation)
2026-06-27 12:30:00,52.0,750.0,2100.0,45.0,عالي جداً (Critical Fluctuation)
2026-06-27 12:35:00,52.0,750.0,2100.0,45.0,عالي جداً (Critical Fluctuation)
2026-06-27 12:40:00,52.0,750.0,2100.0,45.0,عالي جداً (Critical Fluctuation)
2026-06-27 12:45:00,52.0,750.0,2100.0,45.0,عالي جداً (Critical Fluctuation)
2026-06-27 12:50:00,52.0,750.0,2100.0,45.0,عالي جداً (Critical Fluctuation)
2026-06-27 12:55:00,52.0,750.0,2100.0,45.0,عالي جداً (Critical Fluctuation)
2026-06-27 13:00:00,52.0,750.0,2100.0,45.0,عالي جداً (Critical Fluctuation)
2026-06-27 13:05:00,52.0,750.0,2100.0,45.0,عالي جداً (Critical Fluctuation)
2026-06-27 13:10:00,52.0,750.0,2100.0,45.0,عالي جداً (Critical Fluctuation)
2026-06-27 13:15:00,52.0,750.0,2100.0,45.0,عالي جداً (Critical Fluctuation)
2026-06-27 13:20:00,52.0,750.0,2100.0,45.0,عالي جداً (Critical Fluctuation)
2026-06-27 13:25:00,52.0,750.0,2100.0,45.0,عالي جداً (Critical Fluctuation)
2026-06-27 13:30:00,52.0,750.0,2100.0,45.0,عالي جداً (Critical Fluctuation)
2026-06-27 13:35:00,52.0,750.0,2100.0,45.0,عالي جداً (Critical Fluctuation)
2026-06-27 13:40:00,52.0,750.0,2100.0,45.0,عالي جداً (Critical Fluctuation)
2026-06-27 13:45:00,52.0,750.0,2100.0,45.0,عالي جداً (Critical Fluctuation)
2026-06-27 13:50:00,52.0,750.0,2100.0,45.0,عالي جداً (Critical Fluctuation)
2026-06-27 13:55:00,52.0,750.0,2100.0,45.0,عالي جداً (Critical Fluctuation)
2026-06-27 14:00:00,52.0,750.0,2100.0,45.0,عالي جداً (Critical Fluctuation)
2026-06-27 14:05:00,52.0,750.0,2100.0,45.0,عالي جداً (Critical Fluctuation)
2026-06-27 14:10:00,52.0,750.0,2100.0,45.0,عالي جداً (Critical Fluctuation)
2026-06-27 14:15:00,52.0,750.0,2100.0,45.0,عالي جداً (Critical Fluctuation)
2026-06-27 14:20:00,52.0,750.0,2100.0,45.0,عالي جداً (Critical Fluctuation)
2026-06-27 14:25:00,52.0,750.0,2100.0,45.0,عالي جداً (Critical Fluctuation)
2026-06-27 14:30:00,52.0,750.0,2100.0,45.0,عالي جداً (Critical Fluctuation)
2026-06-27 14:35:00,52.0,750.0,2100.0,45.0,عالي جداً (Critical Fluctuation)
2026-06-27 14:40:00,52.0,750.0,2100.0,45.0,عالي جداً (Critical Fluctuation)
2026-06-27 14:45:00,52.0,750.0,2100.0,45.0,عالي جداً (Critical Fluctuation)
2026-06-27 14:50:00,52.0,750.0,2100.0,45.0,عالي جداً (Critical Fluctuation)
2026-06-27 14:55:00,52.0,750.0,2100.0,45.0,عالي جداً (Critical Fluctuation)
2026-06-27 15:00:00,52.0,750.0,2100.0,45.0,عالي جداً (Critical Fluctuation)
2026-06-27 15:05:00,52.0,750.0,2100.0,45.0,عالي جداً (Critical Fluctuation)
2026-06-27 15:10:00,52.0,750.0,2100.0,45.0,عالي جداً (Critical Fluctuation)
2026-06-27 15:15:00,52.0,750.0,2100.0,45.0,عالي جداً (Critical Fluctuation)
2026-06-27 15:20:00,52.0,750.0,2100.0,45.0,عالي جداً (Critical Fluctuation)
2026-06-27 15:25:00,52.0,750.0,2100.0,45.0,عالي جداً (Critical Fluctuation)
2026-06-27 15:30:00,52.0,750.0,2100.0,45.0,عالي جداً (Critical Fluctuation)
2026-06-27 15:35:00,52.0,750.0,2100.0,45.0,عالي جداً (Critical Fluctuation)
2026-06-27 15:40:00,52.0,750.0,2100.0,45.0,عالي جداً (Critical Fluctuation)
2026-06-27 15:45:00,52.0,750.0,2100.0,45.0,عالي جداً (Critical Fluctuation)
2026-06-27 15:50:00,52.0,750.0,2100.0,45.0,عالي جداً (Critical Fluctuation)
2026-06-27 15:55:00,52.0,750.0,2100.0,45.0,عالي جداً (Critical Fluctuation)
2026-06-27 16:00:00,52.0,750.0,2100.0,45.0,عالي جداً (Critical Fluctuation)
2026-06-27 16:05:00,52.0,750.0,2100.0,45.0,عالي جداً (Critical Fluctuation)
2026-06-27 16:10:00,52.0,750.0,2100.0,45.0,عالي جداً (Critical Fluctuation)
2026-06-27 16:15:00,50.0,841.51,2389.82,45.75,طبيعي (Normal)
2026-06-27 16:20:00,50.0,858.03,2372.8,46.13,طبيعي (Normal)
2026-06-27 16:25:00,50.0,864.95,2452.45,46.16,طبيعي (Normal)
2026-06-27 16:30:00,50.0,859.55,2434.32,46.93,طبيعي (Normal)
2026-06-27 16:35:00,50.0,843.22,2432.44,45.47,طبيعي (Normal)
2026-06-27 16:40:00,50.0,840.62,2453.43,45.43,طبيعي (Normal)
2026-06-27 16:45:00,50.0,862.05,2457.08,46.4,طبيعي (Normal)
2026-06-27 16:50:00,50.0,850.91,2432.81,46.51,طبيعي (Normal)
2026-06-27 16:55:00,50.0,827.5,2446.38,45.71,طبيعي (Normal)
2026-06-27 17:00:00,50.0,837.56,2474.04,46.92,طبيعي (Normal)
2026-06-27 17:05:00,50.0,848.4,2437.05,44.79,طبيعي (Normal)
2026-06-27 17:10:00,50.0,845.28,2434.65,44.75,طبيعي (Normal)
2026-06-27 17:15:00,50.0,855.85,2444.05,44.95,طبيعي (Normal)
2026-06-27 17:20:00,50.0,847.63,2400.87,45.79,طبيعي (Normal)
2026-06-27 17:25:00,50.0,833.31,2510.95,46.05,طبيعي (Normal)
2026-06-27 17:30:00,50.0,869.85,2423.03,47.5,طبيعي (Normal)
2026-06-27 17:35:00,50.0,830.13,2446.4,46.35,طبيعي (Normal)
2026-06-27 17:40:00,50.0,867.36,2402.54,46.68,طبيعي (Normal)
2026-06-27 17:45:00,50.0,845.99,2463.48,45.39,طبيعي (Normal)
2026-06-27 17:50:00,50.0,845.37,2459.34,45.89,طبيعي (Normal)
2026-06-27 17:55:00,50.0,860.22,2455.72,46.19,طبيعي (Normal)
2026-06-27 18:00:00,50.0,849.1,2508.85,46.47,طبيعي (Normal)
2026-06-27 18:05:00,50.0,857.64,2492.8,45.52,طبيعي (Normal)
2026-06-27 18:10:00,50.0,853.54,2429.58,45.35,طبيعي (Normal)
2026-06-27 18:15:00,50.0,850.22,2456.29,46.3,طبيعي (Normal)
2026-06-27 18:20:00,50.0,820.39,2459.78,45.69,طبيعي (Normal)
2026-06-27 18:25:00,50.0,857.2,2421.59,44.84,طبيعي (Normal)
2026-06-27 18:30:00,50.0,870.7,2458.95,46.57,طبيعي (Normal)
2026-06-27 18:35:00,50.0,881.83,2465.65,45.29,طبيعي (Normal)
2026-06-27 18:40:00,50.0,850.87,2460.29,47.04,طبيعي (Normal)
2026-06-27 18:45:00,50.0,854.41,2438.77,44.83,طبيعي (Normal)
2026-06-27 18:50:00,50.0,847.97,2443.43,45.75,طبيعي (Normal)
2026-06-27 18:55:00,50.0,846.28,2399.72,45.07,طبيعي (Normal)
2026-06-27 19:00:00,50.0,843.23,2453.29,46.82,طبيعي (Normal)
2026-06-27 19:05:00,50.0,841.73,2496.16,45.97,طبيعي (Normal)
2026-06-27 19:10:00,50.0,874.76,2396.9,46.26,طبيعي (Normal)
2026-06-27 19:15:00,50.0,865.91,2445.1,47.04,طبيعي (Normal)
2026-06-27 19:20:00,50.0,840.3,2410.83,44.88,طبيعي (Normal)
2026-06-27 19:25:00,50.0,873.36,2401.9,45.92,طبيعي (Normal)
2026-06-27 19:30:00,50.0,866.73,2381.23,46.68,طبيعي (Normal)
2026-06-27 19:35:00,50.0,860.31,2452.78,45.11,طبيعي (Normal)
2026-06-27 19:40:00,50.0,861.9,2511.32,45.31,طبيعي (Normal)
2026-06-27 19:45:00,50.0,834.12,2454.76,44.64,طبيعي (Normal)
2026-06-27 19:50:00,50.0,865.8,2454.97,46.7,طبيعي (Normal)
2026-06-27 19:55:00,50.0,830.12,2430.96,47.41,طبيعي (Normal)
2026-06-27 20:00:00,50.0,834.15,2457.47,46.15,طبيعي (Normal)
2026-06-27 20:05:00,50.0,829.57,2432.59,45.22,طبيعي (Normal)
2026-06-27 20:10:00,50.0,860.59,2479.72,46.21,طبيعي (Normal)
2026-06-27 20:15:00,50.0,835.82,2488.86,46.64,طبيعي (Normal)
2026-06-27 20:20:00,50.0,855.17,2379.76,45.06,طبيعي (Normal)
2026-06-27 20:25:00,50.0,828.67,2383.48,45.76,طبيعي (Normal)
2026-06-27 20:30:00,50.0,834.48,2448.63,47.13,طبيعي (Normal)
2026-06-27 20:35:00,50.0,869.32,2399.6,45.32,طبيعي (Normal)
2026-06-27 20:40:00,50.0,857.56,2438.22,47.1,طبيعي (Normal)
2026-06-27 20:45:00,50.0,858.06,2420.68,45.31,طبيعي (Normal)
2026-06-27 20:50:00,50.0,889.44,2426.59,45.77,طبيعي (Normal)
2026-06-27 20:55:00,50.0,884.28,2382.18,45.39,طبيعي (Normal)
2026-06-27 21:00:00,50.0,850.38,2426.35,45.34,طبيعي (Normal)
2026-06-27 21:05:00,50.0,835.34,2495.79,46.0,طبيعي (Normal)
2026-06-27 21:10:00,50.0,856.97,2446.92,47.03,طبيعي (Normal)
2026-06-27 21:15:00,50.0,850.89,2453.72,45.58,طبيعي (Normal)
2026-06-27 21:20:00,50.0,855.65,2421.68,46.27,طبيعي (Normal)
2026-06-27 21:25:00,50.0,855.59,2449.51,46.1,طبيعي (Normal)
2026-06-27 21:30:00,50.0,859.28,2402.12,47.15,طبيعي (Normal)
2026-06-27 21:35:00,50.0,850.99,2430.14,45.06,طبيعي (Normal)
2026-06-27 21:40:00,50.0,837.33,2458.92,47.11,طبيعي (Normal)
2026-06-27 21:45:00,50.0,854.16,2434.34,46.17,طبيعي (Normal)
2026-06-27 21:50:00,50.0,849.18,2475.67,45.1,طبيعي (Normal)
2026-06-27 21:55:00,50.0,853.27,2426.3,45.86,طبيعي (Normal)
2026-06-27 22:00:00,50.0,868.69,2444.85,45.06,طبيعي (Normal)
2026-06-27 22:05:00,50.0,827.25,2404.27,45.48,طبيعي (Normal)
2026-06-27 22:10:00,50.0,855.24,2483.83,45.97,طبيعي (Normal)
2026-06-27 22:15:00,50.0,861.85,2440.92,46.71,طبيعي (Normal)
2026-06-27 22:20:00,50.0,840.54,2427.7,45.49,طبيعي (Normal)
2026-06-27 22:25:00,50.0,822.73,2479.44,45.56,طبيعي (Normal)
2026-06-27 22:30:00,50.0,858.58,2443.25,46.58,طبيعي (Normal)
2026-06-27 22:35:00,50.0,822.91,2436.57,44.81,طبيعي (Normal)
2026-06-27 22:40:00,50.0,847.24,2464.06,45.75,طبيعي (Normal)
2026-06-27 22:45:00,50.0,857.17,2456.88,46.69,طبيعي (Normal)
2026-06-27 22:50:00,50.0,836.89,2508.63,45.7,طبيعي (Normal)
2026-06-27 22:55:00,50.0,834.44,2484.39,45.42,طبيعي (Normal)
2026-06-27 23:00:00,50.0,854.4,2482.68,46.86,طبيعي (Normal)
2026-06-27 23:05:00,50.0,871.6,2494.35,46.37,طبيعي (Normal)
2026-06-27 23:10:00,50.0,826.29,2435.65,45.36,طبيعي (Normal)
2026-06-27 23:15:00,50.0,842.18,2431.88,46.03,طبيعي (Normal)
2026-06-27 23:20:00,50.0,811.91,2437.02,45.86,طبيعي (Normal)
2026-06-27 23:25:00,50.0,847.2,2393.3,46.59,طبيعي (Normal)
2026-06-27 23:30:00,50.0,857.48,2458.33,46.83,طبيعي (Normal)
2026-06-27 23:35:00,50.0,859.81,2429.81,47.0,طبيعي (Normal)
2026-06-27 23:40:00,50.0,854.91,2458.17,45.73,طبيعي (Normal)
2026-06-27 23:45:00,50.0,861.17,2432.53,45.44,طبيعي (Normal)
2026-06-27 23:50:00,50.0,863.17,2481.65,46.37,طبيعي (Normal)
2026-06-27 23:55:00,50.0,870.93,2436.41,45.8,طبيعي (Normal)
2026-06-28 00:00:00,50.0,837.41,2513.79,46.0,طبيعي (Normal)
2026-06-28 00:05:00,50.0,825.62,2477.19,47.36,طبيعي (Normal)
2026-06-28 00:10:00,50.0,857.01,2419.26,47.01,طبيعي (Normal)
2026-06-28 00:15:00,50.0,841.49,2486.7,46.35,طبيعي (Normal)
2026-06-28 00:20:00,50.0,835.05,2494.25,45.81,طبيعي (Normal)
2026-06-28 00:25:00,50.0,842.51,2491.4,45.29,طبيعي (Normal)
2026-06-28 00:30:00,50.0,848.05,2462.47,47.27,طبيعي (Normal)
2026-06-28 00:35:00,50.0,829.14,2475.53,45.68,طبيعي (Normal)
2026-06-28 00:40:00,50.0,849.39,2401.56,45.9,طبيعي (Normal)
2026-06-28 00:45:00,50.0,855.17,2406.88,45.74,طبيعي (Normal)
2026-06-28 00:50:00,50.0,853.53,2445.14,45.85,طبيعي (Normal)
2026-06-28 00:55:00,50.0,852.22,2427.89,46.3,طبيعي (Normal)
2026-06-28 01:00:00,50.0,852.97,2415.82,44.85,طبيعي (Normal)
2026-06-28 01:05:00,50.0,876.35,2451.01,45.88,طبيعي (Normal)
2026-06-28 01:10:00,50.0,861.89,2466.03,45.08,طبيعي (Normal)
2026-06-28 01:15:00,50.0,870.81,2460.97,46.13,طبيعي (Normal)
2026-06-28 01:20:00,50.0,862.43,2470.39,44.85,طبيعي (Normal)
2026-06-28 01:25:00,50.0,844.77,2472.6,45.75,طبيعي (Normal)
2026-06-28 01:30:00,50.0,875.96,2460.58,47.0,طبيعي (Normal)
2026-06-28 01:35:00,50.0,873.9,2494.35,46.05,طبيعي (Normal)
2026-06-28 01:40:00,50.0,852.33,2436.1,46.66,طبيعي (Normal)
2026-06-28 01:45:00,50.0,861.07,2469.66,45.8,طبيعي (Normal)
2026-06-28 01:50:00,50.0,826.34,2456.91,44.93,طبيعي (Normal)
2026-06-28 01:55:00,50.0,848.1,2465.19,45.34,طبيعي (Normal)
2026-06-28 02:00:00,50.0,845.28,2415.3,46.33,طبيعي (Normal)
2026-06-28 02:05:00,50.0,835.55,2389.18,47.28,طبيعي (Normal)
2026-06-28 02:10:00,50.0,820.64,2458.24,46.98,طبيعي (Normal)
2026-06-28 02:15:00,50.0,844.35,2430.66,45.97,طبيعي (Normal)
2026-06-28 02:20:00,50.0,852.58,2482.98,47.82,طبيعي (Normal)
2026-06-28 02:25:00,50.0,843.48,2427.0,46.38,طبيعي (Normal)
2026-06-28 02:30:00,50.0,860.76,2414.7,45.37,طبيعي (Normal)
2026-06-28 02:35:00,50.0,824.65,2462.8,46.33,طبيعي (Normal)
2026-06-28 02:40:00,50.0,870.96,2387.06,46.59,طبيعي (Normal)
2026-06-28 02:45:00,50.0,857.91,2462.5,46.14,طبيعي (Normal)
2026-06-28 02:50:00,50.0,850.31,2457.24,45.48,طبيعي (Normal)
2026-06-28 02:55:00,50.0,856.74,2490.33,45.62,طبيعي (Normal)
2026-06-28 03:00:00,50.0,868.21,2450.56,46.4,طبيعي (Normal)
2026-06-28 03:05:00,50.0,836.57,2462.91,45.89,طبيعي (Normal)
2026-06-28 03:10:00,50.0,863.55,2430.3,45.33,طبيعي (Normal)
2026-06-28 03:15:00,50.0,858.68,2439.54,46.77,طبيعي (Normal)
2026-06-28 03:20:00,50.0,856.09,2468.78,46.97,طبيعي (Normal)
2026-06-28 03:25:00,50.0,870.71,2469.78,45.49,طبيعي (Normal)
2026-06-28 03:30:00,50.0,846.37,2475.89,46.6,طبيعي (Normal)
2026-06-28 03:35:00,50.0,859.56,2460.86,46.45,طبيعي (Normal)
2026-06-28 03:40:00,50.0,823.03,2400.71,46.55,طبيعي (Normal)
2026-06-28 03:45:00,50.0,859.03,2443.54,46.56,طبيعي (Normal)
2026-06-28 03:50:00,50.0,847.72,2437.73,45.94,طبيعي (Normal)
2026-06-28 03:55:00,50.0,834.74,2470.48,45.42,طبيعي (Normal)
2026-06-28 04:00:00,50.0,859.5,2466.06,47.91,طبيعي (Normal)
2026-06-28 04:05:00,50.0,849.07,2434.2,47.23,طبيعي (Normal)
2026-06-28 04:10:00,50.0,830.12,2430.65,47.04,طبيعي (Normal)
2026-06-28 04:15:00,50.0,840.97,2435.97,47.69,طبيعي (Normal)
2026-06-28 04:20:00,50.0,849.64,2398.09,45.58,طبيعي (Normal)
2026-06-28 04:25:00,50.0,824.01,2416.32,45.13,طبيعي (Normal)
2026-06-28 04:30:00,50.0,838.36,2474.14,46.06,طبيعي (Normal)
2026-06-28 04:35:00,50.0,817.05,2425.84,45.49,طبيعي (Normal)
2026-06-28 04:40:00,50.0,844.82,2541.17,45.65,طبيعي (Normal)
2026-06-28 04:45:00,50.0,844.6,2431.46,45.51,طبيعي (Normal)
2026-06-28 04:50:00,50.0,864.96,2496.77,45.72,طبيعي (Normal)
2026-06-28 04:55:00,50.0,858.09,2423.39,45.34,طبيعي (Normal)
2026-06-28 05:00:00,50.0,854.72,2462.47,46.35,طبيعي (Normal)
2026-06-28 05:05:00,50.0,870.45,2459.0,47.2,طبيعي (Normal)
2026-06-28 05:10:00,50.0,842.96,2451.08,45.98,طبيعي (Normal)
2026-06-28 05:15:00,50.0,831.92,2409.92,47.68,طبيعي (Normal)
2026-06-28 05:20:00,50.0,869.79,2465.32,46.73,طبيعي (Normal)
2026-06-28 05:25:00,50.0,878.52,2387.85,46.13,طبيعي (Normal)
2026-06-28 05:30:00,50.0,844.58,2423.7,45.93,طبيعي (Normal)
2026-06-28 05:35:00,50.0,842.57,2475.94,47.3,طبيعي (Normal)
2026-06-28 05:40:00,50.0,862.47,2464.53,46.64,طبيعي (Normal)
2026-06-28 05:45:00,50.0,864.97,2442.22,47.05,طبيعي (Normal)
2026-06-28 05:50:00,50.0,839.03,2462.84,45.73,طبيعي (Normal)
2026-06-28 05:55:00,50.0,855.22,2448.25,46.06,طبيعي (Normal)
2026-06-28 06:00:00,50.0,868.87,2460.46,46.48,طبيعي (Normal)
2026-06-28 06:05:00,50.0,823.04,2474.19,46.41,طبيعي (Normal)
2026-06-28 06:10:00,50.0,822.47,2467.61,46.32,طبيعي (Normal)
2026-06-28 06:15:00,50.0,855.56,2422.32,45.06,طبيعي (Normal)
2026-06-28 06:20:00,50.0,862.4,2508.96,44.69,طبيعي (Normal)
2026-06-28 06:25:00,50.0,824.09,2453.46,45.76,طبيعي (Normal)
2026-06-28 06:30:00,50.0,854.97,2397.71,46.5,طبيعي (Normal)
2026-06-28 06:35:00,50.0,855.22,2463.72,46.53,طبيعي (Normal)
2026-06-28 06:40:00,50.0,833.11,2440.13,45.24,طبيعي (Normal)
2026-06-28 06:45:00,50.0,848.51,2449.27,47.5,طبيعي (Normal)
2026-06-28 06:50:00,50.0,839.99,2431.55,46.24,طبيعي (Normal)
2026-06-28 06:55:00,50.0,845.47,2453.71,45.08,طبيعي (Normal)
2026-06-28 07:00:00,50.0,833.21,2513.75,46.7,طبيعي (Normal)
2026-06-28 07:05:00,50.0,839.17,2435.52,45.85,طبيعي (Normal)
2026-06-28 07:10:00,50.0,846.5,2471.7,44.55,طبيعي (Normal)
2026-06-28 07:15:00,50.0,831.51,2435.47,45.64,طبيعي (Normal)
2026-06-28 07:20:00,50.0,854.15,2469.52,45.69,طبيعي (Normal)
2026-06-28 07:25:00,50.0,836.2,2430.69,46.83,طبيعي (Normal)
2026-06-28 07:30:00,50.0,858.57,2505.82,46.94,طبيعي (Normal)
2026-06-28 07:35:00,50.0,846.03,2457.86,45.69,طبيعي (Normal)
2026-06-28 07:40:00,50.0,853.36,2459.44,45.7,طبيعي (Normal)
2026-06-28 07:45:00,50.0,863.94,2495.66,45.16,طبيعي (Normal)
2026-06-28 07:50:00,50.0,833.55,2425.71,47.16,طبيعي (Normal)
2026-06-28 07:55:00,50.0,838.53,2427.69,47.02,طبيعي (Normal)
2026-06-28 08:00:00,50.0,860.82,2435.28,45.02,طبيعي (Normal)
2026-06-28 08:05:00,50.0,844.88,2432.6,46.89,طبيعي (Normal)
2026-06-28 08:10:00,50.0,832.18,2432.93,44.59,طبيعي (Normal)
2026-06-28 08:15:00,50.0,835.15,2501.55,46.04,طبيعي (Normal)
2026-06-28 08:20:00,50.0,862.66,2411.49,45.75,طبيعي (Normal)
2026-06-28 08:25:00,50.0,837.76,2447.1,44.34,طبيعي (Normal)
2026-06-28 08:30:00,50.0,853.2,2443.91,47.71,طبيعي (Normal)
2026-06-28 08:35:00,50.0,857.22,2402.01,46.63,طبيعي (Normal)
2026-06-28 08:40:00,50.0,845.1,2445.82,45.89,طبيعي (Normal)
2026-06-28 08:45:00,50.0,837.03,2445.45,45.79,طبيعي (Normal)
2026-06-28 08:50:00,50.0,866.49,2479.2,45.88,طبيعي (Normal)
2026-06-28 08:55:00,50.0,833.35,2444.75,46.32,طبيعي (Normal)
2026-06-28 09:00:00,50.0,863.75,2429.39,45.32,طبيعي (Normal)
2026-06-28 09:05:00,50.0,829.91,2429.76,46.83,طبيعي (Normal)
2026-06-28 09:10:00,50.0,837.01,2426.95,46.42,طبيعي (Normal)
2026-06-28 09:15:00,50.0,855.74,2454.54,45.6,طبيعي (Normal)
2026-06-28 09:20:00,50.0,862.92,2418.0,47.85,طبيعي (Normal)
2026-06-28 09:25:00,50.0,853.37,2438.86,46.11,طبيعي (Normal)
2026-06-28 09:30:00,50.0,839.55,2463.49,45.51,طبيعي (Normal)
2026-06-28 09:35:00,50.0,832.36,2443.37,46.64,طبيعي (Normal)
2026-06-28 09:40:00,50.0,859.3,2395.71,45.55,طبيعي (Normal)
2026-06-28 09:45:00,50.0,846.74,2407.84,46.65,طبيعي (Normal)
2026-06-28 09:50:00,50.0,829.97,2408.52,46.3,طبيعي (Normal)
2026-06-28 09:55:00,50.0,882.16,2423.76,47.08,طبيعي (Normal)
2026-06-28 10:00:00,50.0,832.74,2499.19,45.96,طبيعي (Normal)
2026-06-28 10:05:00,50.0,844.77,2443.41,46.14,طبيعي (Normal)
2026-06-28 10:10:00,50.0,837.86,2441.81,45.3,طبيعي (Normal)
2026-06-28 10:15:00,50.0,863.77,2475.19,45.17,طبيعي (Normal)
2026-06-28 10:20:00,50.0,849.0,2433.6,46.68,طبيعي (Normal)
2026-06-28 10:25:00,50.0,839.26,2446.35,46.35,طبيعي (Normal)
2026-06-28 10:30:00,50.0,864.81,2429.75,47.1,طبيعي (Normal)
2026-06-28 10:35:00,50.0,855.25,2427.16,45.77,طبيعي (Normal)
2026-06-28 10:40:00,50.0,840.05,2490.39,46.63,طبيعي (Normal)
2026-06-28 10:45:00,50.0,858.22,2462.78,45.22,طبيعي (Normal)
2026-06-28 10:50:00,50.0,849.12,2441.25,44.08,طبيعي (Normal)
2026-06-28 10:55:00,50.0,861.16,2502.36,46.68,طبيعي (Normal)
2026-06-28 11:00:00,50.0,850.07,2432.4,46.13,طبيعي (Normal)
2026-06-28 11:05:00,50.0,863.11,2406.91,45.05,طبيعي (Normal)
2026-06-28 11:10:00,50.0,810.78,2463.4,46.69,طبيعي (Normal)
2026-06-28 11:15:00,50.0,827.12,2408.52,45.77,طبيعي (Normal)
2026-06-28 11:20:00,50.0,860.78,2428.81,43.88,طبيعي (Normal)
2026-06-28 11:25:00,50.0,851.48,2421.43,47.38,طبيعي (Normal)
2026-06-28 11:30:00,50.0,831.41,2459.6,46.63,طبيعي (Normal)
2026-06-28 11:35:00,50.0,849.04,2452.11,46.06,طبيعي (Normal)
2026-06-28 11:40:00,50.0,834.41,2469.29,47.01,طبيعي (Normal)
2026-06-28 11:45:00,50.0,880.1,2473.39,46.21,طبيعي (Normal)
2026-06-28 11:50:00,50.0,842.72,2454.14,46.24,طبيعي (Normal)
2026-06-28 11:55:00,50.0,845.23,2469.44,44.69,طبيعي (Normal)
2026-06-28 12:00:00,50.0,854.08,2431.03,44.47,طبيعي (Normal)
2026-06-28 12:05:00,50.0,814.27,2477.68,46.91,طبيعي (Normal)
2026-06-28 12:10:00,50.0,869.01,2463.56,46.69,طبيعي (Normal)
2026-06-28 12:15:00,50.0,834.19,2452.7,44.61,طبيعي (Normal)
2026-06-28 12:20:00,50.0,842.06,2409.88,46.11,طبيعي (Normal)
2026-06-28 12:25:00,50.0,822.31,2424.91,46.86,طبيعي (Normal)
2026-06-28 12:30:00,50.0,843.91,2458.9,48.06,طبيعي (Normal)
2026-06-28 12:35:00,50.0,845.81,2451.79,45.95,طبيعي (Normal)
2026-06-28 12:40:00,50.0,869.3,2463.02,45.08,طبيعي (Normal)
2026-06-28 12:45:00,50.0,858.68,2469.02,47.4,طبيعي (Normal)
2026-06-28 12:50:00,50.0,832.57,2414.33,46.77,طبيعي (Normal)
2026-06-28 12:55:00,50.0,843.31,2477.02,47.37,طبيعي (Normal)
2026-06-28 13:00:00,50.0,865.14,2457.86,45.9,طبيعي (Normal)
2026-06-28 13:05:00,50.0,859.09,2456.31,45.17,طبيعي (Normal)
2026-06-28 13:10:00,50.0,864.19,2475.76,46.1,طبيعي (Normal)
2026-06-28 13:15:00,50.0,842.5,2452.47,46.29,طبيعي (Normal)
2026-06-28 13:20:00,50.0,857.5,2456.66,46.65,طبيعي (Normal)
2026-06-28 13:25:00,50.0,863.11,2448.02,45.24,طبيعي (Normal)
2026-06-28 13:30:00,50.0,859.62,2447.2,46.49,طبيعي (Normal)
2026-06-28 13:35:00,50.0,845.24,2523.95,46.7,طبيعي (Normal)
2026-06-28 13:40:00,50.0,874.32,2444.36,47.54,طبيعي (Normal)
2026-06-28 13:45:00,50.0,839.8,2451.27,46.7,طبيعي (Normal)
2026-06-28 13:50:00,50.0,832.33,2498.78,46.11,طبيعي (Normal)
2026-06-28 13:55:00,50.0,866.49,2479.91,45.05,طبيعي (Normal)
2026-06-28 14:00:00,50.0,853.35,2460.05,44.92,طبيعي (Normal)
2026-06-28 14:05:00,50.0,845.03,2463.25,47.08,طبيعي (Normal)
2026-06-28 14:10:00,50.0,842.17,2460.34,46.34,طبيعي (Normal)
2026-06-28 14:15:00,50.0,861.23,2463.38,44.83,طبيعي (Normal)
2026-06-28 14:20:00,50.0,842.44,2470.32,46.28,طبيعي (Normal)
2026-06-28 14:25:00,50.0,843.92,2482.66,47.5,طبيعي (Normal)
2026-06-28 14:30:00,50.0,862.42,2419.06,46.11,طبيعي (Normal)
2026-06-28 14:35:00,50.0,840.69,2472.91,45.9,طبيعي (Normal)
2026-06-28 14:40:00,50.0,847.41,2452.83,47.16,طبيعي (Normal)
2026-06-28 14:45:00,50.0,845.54,2521.43,46.36,طبيعي (Normal)
2026-06-28 14:50:00,50.0,842.59,2431.4,46.36,طبيعي (Normal)
2026-06-28 14:55:00,50.0,856.95,2448.92,46.27,طبيعي (Normal)
2026-06-28 15:00:00,50.0,854.24,2494.92,46.24,طبيعي (Normal)
2026-06-28 15:05:00,50.0,855.65,2478.44,45.98,طبيعي (Normal)
2026-06-28 15:10:00,50.0,828.57,2443.9,44.6,طبيعي (Normal)
2026-06-28 15:15:00,50.0,860.53,2461.36,46.23,طبيعي (Normal)
2026-06-28 15:20:00,50.0,869.81,2470.28,47.09,طبيعي (Normal)
2026-06-28 15:25:00,50.0,820.52,2494.71,45.76,طبيعي (Normal)
2026-06-28 15:30:00,50.0,844.33,2440.43,44.81,طبيعي (Normal)
2026-06-28 15:35:00,50.0,841.54,2470.19,45.92,طبيعي (Normal)
2026-06-28 15:40:00,50.0,872.67,2418.06,45.57,طبيعي (Normal)
2026-06-28 15:45:00,50.0,843.86,2426.74,46.47,طبيعي (Normal)
2026-06-28 15:50:00,50.0,874.4,2457.83,46.29,طبيعي (Normal)
2026-06-28 15:55:00,50.0,863.95,2423.02,44.95,طبيعي (Normal)
2026-06-28 16:00:00,50.0,848.52,2466.88,45.61,طبيعي (Normal)
2026-06-28 16:05:00,50.0,844.34,2455.79,45.62,طبيعي (Normal)
2026-06-28 16:10:00,50.0,836.69,2435.98,46.33,طبيعي (Normal)
2026-06-28 16:15:00,50.0,877.02,2476.43,46.93,طبيعي (Normal)
2026-06-28 16:20:00,50.0,853.08,2455.64,48.07,طبيعي (Normal)
2026-06-28 16:25:00,50.0,846.36,2469.19,46.76,طبيعي (Normal)
2026-06-28 16:30:00,50.0,820.67,2439.67,47.23,طبيعي (Normal)
2026-06-28 16:35:00,50.0,851.47,2411.38,47.11,طبيعي (Normal)
2026-06-28 16:40:00,50.0,879.87,2415.04,45.04,طبيعي (Normal)
2026-06-28 16:45:00,50.0,846.99,2490.12,45.66,طبيعي (Normal)
2026-06-28 16:50:00,50.0,841.52,2452.9,47.68,طبيعي (Normal)
2026-06-28 16:55:00,50.0,845.05,2436.5,46.32,طبيعي (Normal)
2026-06-28 17:00:00,50.0,859.94,2413.04,45.51,طبيعي (Normal)
2026-06-28 17:05:00,50.0,828.46,2403.75,44.9,طبيعي (Normal)
2026-06-28 17:10:00,50.0,868.66,2449.1,46.0,طبيعي (Normal)
2026-06-28 17:15:00,50.0,871.21,2457.58,45.8,طبيعي (Normal)
2026-06-28 17:20:00,50.0,853.27,2442.02,45.9,طبيعي (Normal)
2026-06-28 17:25:00,50.0,854.47,2470.57,45.46,طبيعي (Normal)
2026-06-28 17:30:00,50.0,830.69,2470.21,45.32,طبيعي (Normal)
2026-06-28 17:35:00,50.0,831.28,2480.69,45.72,طبيعي (Normal)
2026-06-28 17:40:00,50.0,846.59,2468.32,47.3,طبيعي (Normal)
2026-06-28 17:45:00,50.0,858.94,2426.72,47.65,طبيعي (Normal)
2026-06-28 17:50:00,50.0,839.33,2473.74,46.08,طبيعي (Normal)
2026-06-28 17:55:00,50.0,856.28,2449.75,46.08,طبيعي (Normal)
2026-06-28 18:00:00,50.0,863.19,2426.58,45.95,طبيعي (Normal)
2026-06-28 18:05:00,50.0,827.88,2394.18,45.03,طبيعي (Normal)
2026-06-28 18:10:00,50.0,846.89,2466.35,45.36,طبيعي (Normal)
2026-06-28 18:15:00,50.0,835.49,2487.56,45.43,طبيعي (Normal)
2026-06-28 18:20:00,50.0,852.62,2412.81,45.77,طبيعي (Normal)
2026-06-28 18:25:00,50.0,843.03,2437.18,45.93,طبيعي (Normal)
2026-06-28 18:30:00,50.0,837.71,2498.23,46.34,طبيعي (Normal)
2026-06-28 18:35:00,50.0,845.57,2404.41,45.47,طبيعي (Normal)
2026-06-28 18:40:00,50.0,881.8,2456.89,46.16,طبيعي (Normal)
2026-06-28 18:45:00,50.0,860.26,2480.74,46.15,طبيعي (Normal)
2026-06-28 18:50:00,50.0,869.56,2466.2,44.34,طبيعي (Normal)
2026-06-28 18:55:00,50.0,847.59,2392.46,45.9,طبيعي (Normal)
2026-06-28 19:00:00,50.0,865.21,2459.57,46.25,طبيعي (Normal)
2026-06-28 19:05:00,50.0,845.81,2464.41,47.2,طبيعي (Normal)
2026-06-28 19:10:00,50.0,856.75,2449.7,45.04,طبيعي (Normal)
2026-06-28 19:15:00,50.0,838.4,2390.24,45.7,طبيعي (Normal)
2026-06-28 19:20:00,50.0,842.97,2501.74,46.27,طبيعي (Normal)
2026-06-28 19:25:00,50.0,853.26,2436.42,46.93,طبيعي (Normal)
2026-06-28 19:30:00,50.0,834.82,2463.34,46.03,طبيعي (Normal)
2026-06-28 19:35:00,50.0,857.57,2478.9,46.88,طبيعي (Normal)
2026-06-28 19:40:00,50.0,847.13,2528.85,46.31,طبيعي (Normal)
2026-06-28 19:45:00,50.0,839.56,2414.28,46.79,طبيعي (Normal)
2026-06-28 19:50:00,50.0,849.69,2494.01,45.7,طبيعي (Normal)
2026-06-28 19:55:00,50.0,842.31,2460.91,46.34,طبيعي (Normal)
2026-06-28 20:00:00,50.0,884.39,2423.67,45.22,طبيعي (Normal)
2026-06-28 20:05:00,50.0,851.11,2481.08,45.31,طبيعي (Normal)
2026-06-28 20:10:00,50.0,828.56,2468.88,47.88,طبيعي (Normal)
2026-06-28 20:15:00,50.0,852.56,2416.61,46.35,طبيعي (Normal)
2026-06-28 20:20:00,50.0,844.85,2439.45,47.98,طبيعي (Normal)
2026-06-28 20:25:00,50.0,852.64,2483.99,45.05,طبيعي (Normal)
2026-06-28 20:30:00,50.0,846.23,2426.81,46.23,طبيعي (Normal)
2026-06-28 20:35:00,50.0,837.5,2448.91,45.91,طبيعي (Normal)
2026-06-28 20:40:00,50.0,865.92,2406.16,44.66,طبيعي (Normal)
2026-06-28 20:45:00,50.0,837.17,2485.26,45.35,طبيعي (Normal)
2026-06-28 20:50:00,50.0,859.57,2443.07,45.0,طبيعي (Normal)
2026-06-28 20:55:00,50.0,869.78,2400.38,46.11,طبيعي (Normal)
2026-06-28 21:00:00,50.0,831.47,2440.93,46.88,طبيعي (Normal)
2026-06-28 21:05:00,50.0,850.24,2460.81,44.69,طبيعي (Normal)
2026-06-28 21:10:00,50.0,863.01,2431.99,45.81,طبيعي (Normal)
2026-06-28 21:15:00,50.0,857.23,2457.0,46.34,طبيعي (Normal)
2026-06-28 21:20:00,67.5,700.0,2700.0,55.0,متوسط (Moderate)
2026-06-28 21:25:00,67.5,700.0,2700.0,55.0,متوسط (Moderate)
2026-06-28 21:30:00,67.5,700.0,2700.0,55.0,متوسط (Moderate)
2026-06-28 21:35:00,67.5,700.0,2700.0,55.0,متوسط (Moderate)
2026-06-28 21:40:00,67.5,700.0,2700.0,55.0,متوسط (Moderate)
2026-06-28 21:45:00,67.5,700.0,2700.0,55.0,متوسط (Moderate)
2026-06-28 21:50:00,67.5,700.0,2700.0,55.0,متوسط (Moderate)
2026-06-28 21:55:00,67.5,700.0,2700.0,55.0,متوسط (Moderate)
2026-06-28 22:00:00,67.5,700.0,2700.0,55.0,متوسط (Moderate)
2026-06-28 22:05:00,67.5,700.0,2700.0,55.0,متوسط (Moderate)
2026-06-28 22:10:00,67.5,700.0,2700.0,55.0,متوسط (Moderate)
2026-06-28 22:15:00,67.5,700.0,2700.0,55.0,متوسط (Moderate)
2026-06-28 22:20:00,67.5,700.0,2700.0,55.0,متوسط (Moderate)
2026-06-28 22:25:00,67.5,700.0,2700.0,55.0,متوسط (Moderate)
2026-06-28 22:30:00,67.5,700.0,2700.0,55.0,متوسط (Moderate)
2026-06-28 22:35:00,67.5,700.0,2700.0,55.0,متوسط (Moderate)
2026-06-28 22:40:00,67.5,700.0,2700.0,55.0,متوسط (Moderate)
2026-06-28 22:45:00,67.5,700.0,2700.0,55.0,متوسط (Moderate)
2026-06-28 22:50:00,67.5,700.0,2700.0,55.0,متوسط (Moderate)
2026-06-28 22:55:00,67.5,700.0,2700.0,55.0,متوسط (Moderate)
2026-06-28 23:00:00,67.5,700.0,2700.0,55.0,متوسط (Moderate)
2026-06-28 23:05:00,50.0,876.75,2445.66,46.19,طبيعي (Normal)
2026-06-28 23:10:00,50.0,859.4,2455.42,45.47,طبيعي (Normal)
2026-06-28 23:15:00,50.0,860.68,2492.13,45.12,طبيعي (Normal)
2026-06-28 23:20:00,50.0,865.97,2386.27,46.01,طبيعي (Normal)
2026-06-28 23:25:00,50.0,866.81,2444.59,45.26,طبيعي (Normal)
2026-06-28 23:30:00,50.0,863.83,2475.92,45.55,طبيعي (Normal)
2026-06-28 23:35:00,50.0,863.5,2506.69,46.18,طبيعي (Normal)
2026-06-28 23:40:00,50.0,843.83,2387.32,45.14,طبيعي (Normal)
2026-06-28 23:45:00,50.0,832.27,2495.0,47.5,طبيعي (Normal)
2026-06-28 23:50:00,50.0,850.25,2406.37,45.73,طبيعي (Normal)
2026-06-28 23:55:00,50.0,854.98,2384.68,45.95,طبيعي (Normal)
2026-06-29 00:00:00,50.0,857.84,2427.24,46.11,طبيعي (Normal)
2026-06-29 00:05:00,50.0,864.56,2477.62,46.1,طبيعي (Normal)
2026-06-29 00:10:00,50.0,843.54,2473.81,46.18,طبيعي (Normal)
2026-06-29 00:15:00,50.0,830.99,2421.07,47.14,طبيعي (Normal)
2026-06-29 00:20:00,50.0,844.56,2458.8,46.94,طبيعي (Normal)
2026-06-29 00:25:00,50.0,834.14,2415.75,44.42,طبيعي (Normal)
2026-06-29 00:30:00,50.0,859.27,2453.77,47.7,طبيعي (Normal)
2026-06-29 00:35:00,50.0,879.05,2438.87,45.32,طبيعي (Normal)
2026-06-29 00:40:00,50.0,853.74,2437.6,45.16,طبيعي (Normal)
2026-06-29 00:45:00,50.0,828.38,2486.91,46.02,طبيعي (Normal)
2026-06-29 00:50:00,50.0,832.24,2420.34,46.21,طبيعي (Normal)
2026-06-29 00:55:00,50.0,872.24,2442.4,46.12,طبيعي (Normal)
2026-06-29 01:00:00,50.0,857.1,2391.3,47.02,طبيعي (Normal)
2026-06-29 01:05:00,50.0,846.6,2426.86,46.35,طبيعي (Normal)
2026-06-29 01:10:00,50.0,854.17,2460.34,45.41,طبيعي (Normal)
2026-06-29 01:15:00,50.0,838.81,2434.78,45.76,طبيعي (Normal)
2026-06-29 01:20:00,50.0,836.28,2423.16,45.67,طبيعي (Normal)
2026-06-29 01:25:00,50.0,819.67,2455.75,44.99,طبيعي (Normal)
2026-06-29 01:30:00,50.0,835.35,2512.8,45.82,طبيعي (Normal)
2026-06-29 01:35:00,50.0,854.46,2463.63,45.03,طبيعي (Normal)
2026-06-29 01:40:00,50.0,836.48,2459.77,46.93,طبيعي (Normal)
2026-06-29 01:45:00,50.0,870.8,2462.85,46.33,طبيعي (Normal)
2026-06-29 01:50:00,50.0,825.87,2477.86,44.96,طبيعي (Normal)
2026-06-29 01:55:00,50.0,840.97,2412.6,45.71,طبيعي (Normal)
2026-06-29 02:00:00,50.0,821.52,2429.39,46.89,طبيعي (Normal)
2026-06-29 02:05:00,50.0,822.12,2470.24,47.44,طبيعي (Normal)
2026-06-29 02:10:00,50.0,842.83,2520.33,44.67,طبيعي (Normal)
2026-06-29 02:15:00,50.0,828.48,2451.43,45.49,طبيعي (Normal)
2026-06-29 02:20:00,50.0,829.24,2465.38,45.95,طبيعي (Normal)
2026-06-29 02:25:00,50.0,841.87,2439.87,45.0,طبيعي (Normal)
2026-06-29 02:30:00,50.0,853.35,2435.04,45.27,طبيعي (Normal)
2026-06-29 02:35:00,50.0,863.98,2374.66,45.97,طبيعي (Normal)
2026-06-29 02:40:00,50.0,845.89,2446.27,46.94,طبيعي (Normal)
2026-06-29 02:45:00,50.0,861.24,2427.22,45.72,طبيعي (Normal)
2026-06-29 02:50:00,50.0,853.52,2422.19,45.06,طبيعي (Normal)
2026-06-29 02:55:00,50.0,874.32,2451.71,44.69,طبيعي (Normal)
2026-06-29 03:00:00,50.0,844.47,2459.73,46.44,طبيعي (Normal)
2026-06-29 03:05:00,50.0,864.44,2434.46,46.9,طبيعي (Normal)
2026-06-29 03:10:00,50.0,857.25,2452.53,47.15,طبيعي (Normal)
2026-06-29 03:15:00,50.0,829.69,2482.23,45.85,طبيعي (Normal)
2026-06-29 03:20:00,50.0,850.54,2442.22,46.18,طبيعي (Normal)
2026-06-29 03:25:00,50.0,834.23,2486.7,45.98,طبيعي (Normal)
2026-06-29 03:30:00,50.0,834.57,2427.96,47.0,طبيعي (Normal)
2026-06-29 03:35:00,50.0,850.45,2432.88,44.73,طبيعي (Normal)
2026-06-29 03:40:00,50.0,852.34,2468.99,45.43,طبيعي (Normal)
2026-06-29 03:45:00,50.0,867.77,2424.52,47.1,طبيعي (Normal)
2026-06-29 03:50:00,50.0,865.93,2498.38,46.9,طبيعي (Normal)
2026-06-29 03:55:00,50.0,832.38,2464.73,46.21,طبيعي (Normal)
2026-06-29 04:00:00,50.0,842.7,2471.35,46.1,طبيعي (Normal)
2026-06-29 04:05:00,50.0,833.62,2482.97,46.64,طبيعي (Normal)
2026-06-29 04:10:00,50.0,865.88,2469.19,44.92,طبيعي (Normal)
2026-06-29 04:15:00,50.0,829.77,2441.16,46.22,طبيعي (Normal)
2026-06-29 04:20:00,50.0,851.06,2442.31,45.95,طبيعي (Normal)
2026-06-29 04:25:00,50.0,834.83,2543.56,47.54,طبيعي (Normal)
2026-06-29 04:30:00,50.0,848.65,2454.7,46.16,طبيعي (Normal)
2026-06-29 04:35:00,50.0,861.79,2521.95,45.44,طبيعي (Normal)
2026-06-29 04:40:00,50.0,854.17,2475.93,44.61,طبيعي (Normal)
2026-06-29 04:45:00,50.0,866.96,2405.19,46.05,طبيعي (Normal)
2026-06-29 04:50:00,50.0,853.46,2491.46,45.96,طبيعي (Normal)
2026-06-29 04:55:00,50.0,840.15,2468.26,44.73,طبيعي (Normal)
2026-06-29 05:00:00,50.0,855.15,2454.32,45.8,طبيعي (Normal)
2026-06-29 05:05:00,50.0,853.93,2380.32,45.31,طبيعي (Normal)
2026-06-29 05:10:00,50.0,862.76,2504.64,46.34,طبيعي (Normal)
2026-06-29 05:15:00,50.0,837.93,2453.61,46.57,طبيعي (Normal)
2026-06-29 05:20:00,50.0,854.52,2412.16,46.45,طبيعي (Normal)
2026-06-29 05:25:00,50.0,858.47,2430.38,46.36,طبيعي (Normal)
2026-06-29 05:30:00,50.0,834.86,2440.41,46.53,طبيعي (Normal)
2026-06-29 05:35:00,50.0,846.35,2442.22,48.21,طبيعي (Normal)
2026-06-29 05:40:00,50.0,850.58,2416.66,46.03,طبيعي (Normal)
2026-06-29 05:45:00,50.0,825.81,2437.54,46.29,طبيعي (Normal)
2026-06-29 05:50:00,50.0,856.57,2499.4,46.04,طبيعي (Normal)
2026-06-29 05:55:00,50.0,833.29,2474.08,47.04,طبيعي (Normal)
2026-06-29 06:00:00,50.0,835.87,2449.99,45.57,طبيعي (Normal)
2026-06-29 06:05:00,50.0,876.8,2472.6,45.04,طبيعي (Normal)
2026-06-29 06:10:00,50.0,838.9,2447.27,45.83,طبيعي (Normal)
2026-06-29 06:15:00,50.0,841.22,2430.59,45.61,طبيعي (Normal)
2026-06-29 06:20:00,50.0,822.41,2461.56,47.19,طبيعي (Normal)
2026-06-29 06:25:00,50.0,839.79,2417.42,44.98,طبيعي (Normal)
2026-06-29 06:30:00,50.0,851.33,2450.4,45.54,طبيعي (Normal)
2026-06-29 06:35:00,50.0,860.49,2466.9,45.36,طبيعي (Normal)
2026-06-29 06:40:00,50.0,839.38,2477.69,47.81,طبيعي (Normal)
2026-06-29 06:45:00,50.0,848.87,2462.96,44.79,طبيعي (Normal)
2026-06-29 06:50:00,50.0,873.51,2424.04,46.24,طبيعي (Normal)
2026-06-29 06:55:00,50.0,845.93,2489.03,46.28,طبيعي (Normal)
2026-06-29 07:00:00,50.0,839.39,2501.15,45.08,طبيعي (Normal)
2026-06-29 07:05:00,50.0,855.93,2446.32,46.19,طبيعي (Normal)
2026-06-29 07:10:00,50.0,871.78,2422.39,44.95,طبيعي (Normal)
2026-06-29 07:15:00,50.0,870.84,2534.12,45.57,طبيعي (Normal)
2026-06-29 07:20:00,50.0,861.83,2428.86,45.83,طبيعي (Normal)
2026-06-29 07:25:00,50.0,854.77,2441.5,46.54,طبيعي (Normal)
2026-06-29 07:30:00,50.0,873.81,2413.74,46.01,طبيعي (Normal)
2026-06-29 07:35:00,50.0,849.28,2423.54,46.4,طبيعي (Normal)
2026-06-29 07:40:00,50.0,847.07,2469.27,44.44,طبيعي (Normal)
2026-06-29 07:45:00,50.0,864.12,2414.91,46.44,طبيعي (Normal)
2026-06-29 07:50:00,50.0,852.56,2461.13,46.57,طبيعي (Normal)
2026-06-29 07:55:00,50.0,860.34,2466.51,46.85,طبيعي (Normal)
2026-06-29 08:00:00,50.0,843.78,2449.17,46.46,طبيعي (Normal)
2026-06-29 08:05:00,50.0,842.37,2469.1,44.91,طبيعي (Normal)
2026-06-29 08:10:00,50.0,841.41,2456.16,45.96,طبيعي (Normal)
2026-06-29 08:15:00,50.0,832.03,2482.76,45.28,طبيعي (Normal)
2026-06-29 08:20:00,50.0,853.76,2450.59,46.37,طبيعي (Normal)
2026-06-29 08:25:00,50.0,807.49,2425.04,45.94,طبيعي (Normal)
2026-06-29 08:30:00,50.0,860.72,2409.34,45.92,طبيعي (Normal)
2026-06-29 08:35:00,50.0,833.49,2472.93,45.12,طبيعي (Normal)
2026-06-29 08:40:00,50.0,829.89,2471.33,45.85,طبيعي (Normal)
2026-06-29 08:45:00,50.0,847.73,2452.24,44.46,طبيعي (Normal)
2026-06-29 08:50:00,50.0,854.37,2466.11,46.9,طبيعي (Normal)
2026-06-29 08:55:00,50.0,837.83,2465.4,43.93,طبيعي (Normal)
2026-06-29 09:00:00,50.0,860.15,2475.7,45.97,طبيعي (Normal)
2026-06-29 09:05:00,50.0,846.51,2466.08,46.68,طبيعي (Normal)
2026-06-29 09:10:00,50.0,861.35,2440.2,46.72,طبيعي (Normal)
2026-06-29 09:15:00,50.0,845.29,2456.2,46.46,طبيعي (Normal)
2026-06-29 09:20:00,50.0,845.17,2474.41,46.71,طبيعي (Normal)
2026-06-29 09:25:00,50.0,845.3,2423.43,46.11,طبيعي (Normal)
2026-06-29 09:30:00,50.0,869.97,2388.55,44.95,طبيعي (Normal)
2026-06-29 09:35:00,50.0,857.75,2480.8,46.88,طبيعي (Normal)
2026-06-29 09:40:00,50.0,838.6,2472.27,45.63,طبيعي (Normal)
2026-06-29 09:45:00,50.0,844.15,2468.74,45.6,طبيعي (Normal)
2026-06-29 09:50:00,50.0,854.16,2463.19,45.12,طبيعي (Normal)
2026-06-29 09:55:00,50.0,857.22,2424.62,47.91,طبيعي (Normal)
2026-06-29 10:00:00,50.0,835.18,2410.55,45.71,طبيعي (Normal)
2026-06-29 10:05:00,50.0,857.57,2489.79,45.15,طبيعي (Normal)
2026-06-29 10:10:00,50.0,852.5,2401.79,45.84,طبيعي (Normal)
2026-06-29 10:15:00,50.0,876.81,2415.7,46.4,طبيعي (Normal)
2026-06-29 10:20:00,50.0,852.48,2395.32,44.67,طبيعي (Normal)
2026-06-29 10:25:00,50.0,850.21,2450.55,46.68,طبيعي (Normal)
2026-06-29 10:30:00,50.0,849.34,2400.16,46.72,طبيعي (Normal)
2026-06-29 10:35:00,50.0,846.84,2449.62,44.97,طبيعي (Normal)
2026-06-29 10:40:00,50.0,854.66,2467.21,45.33,طبيعي (Normal)
2026-06-29 10:45:00,50.0,830.17,2403.26,45.64,طبيعي (Normal)
2026-06-29 10:50:00,50.0,856.29,2447.43,46.66,طبيعي (Normal)
2026-06-29 10:55:00,50.0,838.26,2479.11,45.62,طبيعي (Normal)
2026-06-29 11:00:00,50.0,862.38,2423.95,46.63,طبيعي (Normal)
2026-06-29 11:05:00,50.0,866.65,2401.57,46.72,طبيعي (Normal)
2026-06-29 11:10:00,50.0,859.78,2482.27,44.78,طبيعي (Normal)
2026-06-29 11:15:00,50.0,831.2,2478.93,45.97,طبيعي (Normal)
2026-06-29 11:20:00,50.0,836.16,2410.0,44.99,طبيعي (Normal)
2026-06-29 11:25:00,50.0,864.23,2482.27,44.71,طبيعي (Normal)
2026-06-29 11:30:00,50.0,862.69,2501.45,45.58,طبيعي (Normal)
2026-06-29 11:35:00,50.0,870.74,2449.08,47.26,طبيعي (Normal)
2026-06-29 11:40:00,50.0,846.68,2399.95,46.5,طبيعي (Normal)
2026-06-29 11:45:00,50.0,857.82,2457.4,44.67,طبيعي (Normal)
2026-06-29 11:50:00,50.0,845.15,2454.18,45.81,طبيعي (Normal)
2026-06-29 11:55:00,50.0,836.7,2459.41,46.95,طبيعي (Normal)
2026-06-29 12:00:00,50.0,828.5,2422.99,45.98,طبيعي (Normal)
2026-06-29 12:05:00,50.0,860.56,2514.34,46.21,طبيعي (Normal)
2026-06-29 12:10:00,50.0,840.47,2457.13,45.76,طبيعي (Normal)
2026-06-29 12:15:00,50.0,855.61,2484.7,45.45,طبيعي (Normal)
2026-06-29 12:20:00,50.0,835.0,2457.18,45.94,طبيعي (Normal)
2026-06-29 12:25:00,50.0,880.91,2493.2,45.82,طبيعي (Normal)
2026-06-29 12:30:00,50.0,834.96,2477.65,45.41,طبيعي (Normal)
2026-06-29 12:35:00,50.0,848.12,2488.27,46.1,طبيعي (Normal)
2026-06-29 12:40:00,50.0,854.64,2450.42,46.69,طبيعي (Normal)
2026-06-29 12:45:00,50.0,862.02,2495.55,47.11,طبيعي (Normal)
2026-06-29 12:50:00,50.0,856.56,2444.31,46.72,طبيعي (Normal)
2026-06-29 12:55:00,50.0,865.58,2453.74,45.01,طبيعي (Normal)
2026-06-29 13:00:00,50.0,848.99,2464.47,45.66,طبيعي (Normal)
2026-06-29 13:05:00,50.0,847.98,2471.21,46.85,طبيعي (Normal)
2026-06-29 13:10:00,50.0,815.71,2439.39,46.14,طبيعي (Normal)
2026-06-29 13:15:00,50.0,861.76,2435.5,45.64,طبيعي (Normal)
2026-06-29 13:20:00,50.0,836.95,2469.78,45.98,طبيعي (Normal)
2026-06-29 13:25:00,50.0,833.17,2519.9,46.08,طبيعي (Normal)
2026-06-29 13:30:00,50.0,862.68,2444.35,47.18,طبيعي (Normal)
2026-06-29 13:35:00,50.0,825.92,2440.26,46.82,طبيعي (Normal)
2026-06-29 13:40:00,50.0,839.86,2501.46,46.23,طبيعي (Normal)
2026-06-29 13:45:00,50.0,853.82,2436.22,46.87,طبيعي (Normal)
2026-06-29 13:50:00,50.0,828.76,2500.32,46.69,طبيعي (Normal)
2026-06-29 13:55:00,50.0,842.31,2439.96,46.25,طبيعي (Normal)
2026-06-29 14:00:00,50.0,834.91,2483.36,46.13,طبيعي (Normal)
2026-06-29 14:05:00,50.0,845.03,2406.85,45.75,طبيعي (Normal)
2026-06-29 14:10:00,50.0,866.74,2477.68,45.75,طبيعي (Normal)
2026-06-29 14:15:00,50.0,844.81,2449.0,45.42,طبيعي (Normal)
2026-06-29 14:20:00,50.0,853.19,2460.95,46.95,طبيعي (Normal)
2026-06-29 14:25:00,50.0,857.03,2487.22,45.9,طبيعي (Normal)
2026-06-29 14:30:00,50.0,851.26,2468.3,45.39,طبيعي (Normal)
2026-06-29 14:35:00,50.0,840.34,2464.84,45.7,طبيعي (Normal)
2026-06-29 14:40:00,50.0,863.66,2462.1,45.84,طبيعي (Normal)
2026-06-29 14:45:00,50.0,839.8,2461.05,46.74,طبيعي (Normal)
2026-06-29 14:50:00,50.0,874.03,2457.97,45.88,طبيعي (Normal)
2026-06-29 14:55:00,50.0,847.85,2415.85,45.84,طبيعي (Normal)
2026-06-29 15:00:00,50.0,875.63,2443.27,44.91,طبيعي (Normal)
2026-06-29 15:05:00,50.0,860.0,2433.72,46.48,طبيعي (Normal)
2026-06-29 15:10:00,50.0,856.0,2399.17,46.03,طبيعي (Normal)
2026-06-29 15:15:00,50.0,836.56,2452.43,46.73,طبيعي (Normal)
2026-06-29 15:20:00,50.0,853.79,2456.29,46.11,طبيعي (Normal)
2026-06-29 15:25:00,50.0,840.69,2465.93,45.89,طبيعي (Normal)
2026-06-29 15:30:00,50.0,830.79,2456.55,46.15,طبيعي (Normal)
2026-06-29 15:35:00,50.0,824.17,2463.13,46.28,طبيعي (Normal)
2026-06-29 15:40:00,50.0,858.98,2453.91,45.27,طبيعي (Normal)
2026-06-29 15:45:00,50.0,837.5,2454.69,45.87,طبيعي (Normal)
2026-06-29 15:50:00,50.0,848.51,2476.35,46.54,طبيعي (Normal)
2026-06-29 15:55:00,50.0,853.45,2460.66,47.93,طبيعي (Normal)
2026-06-29 16:00:00,50.0,832.72,2439.08,47.17,طبيعي (Normal)
2026-06-29 16:05:00,50.0,854.86,2394.8,45.55,طبيعي (Normal)
2026-06-29 16:10:00,50.0,853.0,2421.31,46.37,طبيعي (Normal)
2026-06-29 16:15:00,50.0,839.24,2424.61,45.57,طبيعي (Normal)
2026-06-29 16:20:00,50.0,885.21,2461.52,45.47,طبيعي (Normal)
2026-06-29 16:25:00,50.0,827.32,2429.68,46.61,طبيعي (Normal)
2026-06-29 16:30:00,50.0,864.62,2485.99,46.16,طبيعي (Normal)
2026-06-29 16:35:00,50.0,867.86,2427.11,47.34,طبيعي (Normal)
2026-06-29 16:40:00,50.0,857.8,2461.11,47.21,طبيعي (Normal)
2026-06-29 16:45:00,50.0,838.58,2398.06,45.49,طبيعي (Normal)
2026-06-29 16:50:00,50.0,856.53,2410.38,46.74,طبيعي (Normal)
2026-06-29 16:55:00,50.0,845.1,2424.41,46.83,طبيعي (Normal)
2026-06-29 17:00:00,50.0,852.64,2396.3,45.78,طبيعي (Normal)
2026-06-29 17:05:00,50.0,832.44,2466.13,45.99,طبيعي (Normal)
2026-06-29 17:10:00,50.0,843.9,2431.85,46.25,طبيعي (Normal)
2026-06-29 17:15:00,50.0,832.75,2466.79,46.05,طبيعي (Normal)
2026-06-29 17:20:00,50.0,855.31,2417.26,46.09,طبيعي (Normal)
2026-06-29 17:25:00,50.0,854.82,2469.76,45.69,طبيعي (Normal)
2026-06-29 17:30:00,50.0,846.43,2443.2,46.47,طبيعي (Normal)
2026-06-29 17:35:00,50.0,849.51,2456.28,46.5,طبيعي (Normal)
2026-06-29 17:40:00,50.0,848.55,2486.88,45.13,طبيعي (Normal)
2026-06-29 17:45:00,50.0,841.77,2453.45,45.3,طبيعي (Normal)
2026-06-29 17:50:00,50.0,833.83,2446.42,45.92,طبيعي (Normal)
2026-06-29 17:55:00,50.0,850.33,2439.66,46.24,طبيعي (Normal)
2026-06-29 18:00:00,50.0,839.76,2376.05,46.24,طبيعي (Normal)
2026-06-29 18:05:00,50.0,855.75,2390.37,46.6,طبيعي (Normal)
2026-06-29 18:10:00,50.0,828.66,2483.92,45.53,طبيعي (Normal)
2026-06-29 18:15:00,50.0,852.6,2452.59,46.75,طبيعي (Normal)
2026-06-29 18:20:00,50.0,847.26,2442.83,44.86,طبيعي (Normal)
2026-06-29 18:25:00,50.0,842.1,2450.06,45.47,طبيعي (Normal)
2026-06-29 18:30:00,50.0,851.84,2438.89,44.89,طبيعي (Normal)
2026-06-29 18:35:00,50.0,826.16,2466.52,45.63,طبيعي (Normal)
2026-06-29 18:40:00,50.0,861.84,2487.17,45.94,طبيعي (Normal)
2026-06-29 18:45:00,50.0,845.73,2470.85,48.07,طبيعي (Normal)
2026-06-29 18:50:00,50.0,842.05,2491.54,47.13,طبيعي (Normal)
2026-06-29 18:55:00,50.0,831.71,2437.09,45.92,طبيعي (Normal)
2026-06-29 19:00:00,50.0,839.92,2441.74,46.37,طبيعي (Normal)
2026-06-29 19:05:00,50.0,853.28,2409.52,45.76,طبيعي (Normal)
2026-06-29 19:10:00,50.0,837.54,2425.37,46.51,طبيعي (Normal)
2026-06-29 19:15:00,50.0,828.38,2426.76,45.69,طبيعي (Normal)
2026-06-29 19:20:00,50.0,846.72,2437.4,45.92,طبيعي (Normal)
2026-06-29 19:25:00,50.0,882.76,2465.0,44.63,طبيعي (Normal)
2026-06-29 19:30:00,50.0,886.7,2441.96,46.73,طبيعي (Normal)
2026-06-29 19:35:00,50.0,838.51,2429.7,46.56,طبيعي (Normal)
2026-06-29 19:40:00,50.0,831.05,2438.38,47.17,طبيعي (Normal)
2026-06-29 19:45:00,50.0,841.61,2531.25,45.53,طبيعي (Normal)
2026-06-29 19:50:00,50.0,836.3,2498.02,44.8,طبيعي (Normal)
2026-06-29 19:55:00,50.0,859.48,2423.18,45.49,طبيعي (Normal)
2026-06-29 20:00:00,50.0,873.36,2412.1,45.65,طبيعي (Normal)
2026-06-29 20:05:00,50.0,839.97,2438.61,46.04,طبيعي (Normal)
2026-06-29 20:10:00,50.0,842.03,2433.73,46.26,طبيعي (Normal)
2026-06-29 20:15:00,50.0,879.01,2477.98,45.82,طبيعي (Normal)
2026-06-29 20:20:00,50.0,833.18,2476.96,47.52,طبيعي (Normal)
2026-06-29 20:25:00,50.0,876.3,2425.29,46.27,طبيعي (Normal)
2026-06-29 20:30:00,50.0,835.69,2432.77,46.02,طبيعي (Normal)
2026-06-29 20:35:00,50.0,869.72,2455.44,45.83,طبيعي (Normal)
2026-06-29 20:40:00,50.0,833.6,2454.01,46.93,طبيعي (Normal)
2026-06-29 20:45:00,50.0,842.31,2466.1,45.88,طبيعي (Normal)
2026-06-29 20:50:00,50.0,842.77,2449.49,47.74,طبيعي (Normal)
2026-06-29 20:55:00,50.0,872.92,2465.81,46.24,طبيعي (Normal)
2026-06-29 21:00:00,50.0,838.98,2461.82,46.26,طبيعي (Normal)
2026-06-29 21:05:00,50.0,839.31,2473.42,46.12,طبيعي (Normal)
2026-06-29 21:10:00,50.0,844.08,2405.8,46.39,طبيعي (Normal)
2026-06-29 21:15:00,50.0,866.03,2477.93,48.17,طبيعي (Normal)
2026-06-29 21:20:00,50.0,847.79,2448.59,45.54,طبيعي (Normal)
2026-06-29 21:25:00,50.0,817.53,2417.62,46.91,طبيعي (Normal)
2026-06-29 21:30:00,50.0,847.41,2424.85,46.38,طبيعي (Normal)
2026-06-29 21:35:00,50.0,825.96,2460.27,45.11,طبيعي (Normal)
2026-06-29 21:40:00,50.0,848.75,2467.63,45.25,طبيعي (Normal)
2026-06-29 21:45:00,50.0,841.87,2488.84,46.03,طبيعي (Normal)
2026-06-29 21:50:00,50.0,848.3,2430.52,46.07,طبيعي (Normal)
2026-06-29 21:55:00,50.0,875.13,2413.73,44.93,طبيعي (Normal)
2026-06-29 22:00:00,50.0,868.22,2451.76,45.17,طبيعي (Normal)
2026-06-29 22:05:00,50.0,845.39,2465.35,46.11,طبيعي (Normal)
2026-06-29 22:10:00,50.0,874.6,2431.1,44.95,طبيعي (Normal)
2026-06-29 22:15:00,50.0,838.68,2447.27,45.57,طبيعي (Normal)
2026-06-29 22:20:00,50.0,855.61,2452.74,44.77,طبيعي (Normal)
2026-06-29 22:25:00,50.0,846.48,2487.13,46.13,طبيعي (Normal)
2026-06-29 22:30:00,50.0,872.85,2402.23,46.06,طبيعي (Normal)
2026-06-29 22:35:00,50.0,874.84,2423.22,44.95,طبيعي (Normal)
2026-06-29 22:40:00,50.0,848.65,2444.51,45.01,طبيعي (Normal)
2026-06-29 22:45:00,50.0,840.22,2430.02,44.9,طبيعي (Normal)
2026-06-29 22:50:00,50.0,845.21,2509.52,45.88,طبيعي (Normal)
2026-06-29 22:55:00,50.0,858.17,2482.01,46.53,طبيعي (Normal)
2026-06-29 23:00:00,50.0,858.87,2389.84,45.54,طبيعي (Normal)
2026-06-29 23:05:00,50.0,841.81,2462.95,46.21,طبيعي (Normal)
2026-06-29 23:10:00,50.0,840.6,2444.9,45.58,طبيعي (Normal)
2026-06-29 23:15:00,50.0,846.82,2452.94,46.79,طبيعي (Normal)
2026-06-29 23:20:00,50.0,876.19,2440.85,47.1,طبيعي (Normal)
2026-06-29 23:25:00,50.0,856.47,2416.9,45.74,طبيعي (Normal)
2026-06-29 23:30:00,50.0,850.01,2431.98,45.23,طبيعي (Normal)
2026-06-29 23:35:00,50.0,825.32,2431.66,46.66,طبيعي (Normal)
2026-06-29 23:40:00,50.0,834.23,2486.52,45.7,طبيعي (Normal)
2026-06-29 23:45:00,50.0,873.81,2455.58,45.4,طبيعي (Normal)
2026-06-29 23:50:00,50.0,812.25,2495.2,45.23,طبيعي (Normal)
2026-06-29 23:55:00,50.0,856.24,2424.55,46.75,طبيعي (Normal)
2026-06-30 00:00:00,50.0,866.32,2444.25,46.21,طبيعي (Normal)
2026-06-30 00:05:00,50.0,845.5,2465.49,46.64,طبيعي (Normal)
2026-06-30 00:10:00,50.0,847.37,2404.18,45.87,طبيعي (Normal)
2026-06-30 00:15:00,50.0,876.18,2502.73,45.58,طبيعي (Normal)
2026-06-30 00:20:00,50.0,867.35,2473.28,45.97,طبيعي (Normal)
2026-06-30 00:25:00,50.0,887.83,2473.87,46.21,طبيعي (Normal)
2026-06-30 00:30:00,50.0,833.27,2444.27,46.0,طبيعي (Normal)
2026-06-30 00:35:00,50.0,813.89,2448.38,46.72,طبيعي (Normal)
2026-06-30 00:40:00,50.0,847.78,2458.87,44.77,طبيعي (Normal)
2026-06-30 00:45:00,50.0,845.43,2405.23,46.36,طبيعي (Normal)
2026-06-30 00:50:00,50.0,850.91,2429.51,45.01,طبيعي (Normal)
2026-06-30 00:55:00,50.0,848.92,2448.47,45.18,طبيعي (Normal)
2026-06-30 01:00:00,50.0,848.95,2443.5,44.98,طبيعي (Normal)
2026-06-30 01:05:00,50.0,843.08,2472.9,45.39,طبيعي (Normal)
2026-06-30 01:10:00,50.0,871.17,2447.64,46.21,طبيعي (Normal)
2026-06-30 01:15:00,50.0,855.9,2447.1,45.71,طبيعي (Normal)
2026-06-30 01:20:00,50.0,842.0,2428.87,45.81,طبيعي (Normal)
2026-06-30 01:25:00,50.0,857.13,2442.14,46.8,طبيعي (Normal)
2026-06-30 01:30:00,50.0,840.57,2435.64,45.59,طبيعي (Normal)
2026-06-30 01:35:00,50.0,818.3,2453.7,46.2,طبيعي (Normal)
2026-06-30 01:40:00,50.0,855.78,2480.31,46.1,طبيعي (Normal)
2026-06-30 01:45:00,50.0,861.49,2491.86,47.47,طبيعي (Normal)
2026-06-30 01:50:00,50.0,845.45,2415.79,46.17,طبيعي (Normal)
2026-06-30 01:55:00,50.0,847.67,2432.1,46.4,طبيعي (Normal)
2026-06-30 02:00:00,50.0,856.07,2473.03,46.36,طبيعي (Normal)
2026-06-30 02:05:00,50.0,851.3,2470.27,45.35,طبيعي (Normal)
2026-06-30 02:10:00,50.0,823.97,2463.32,46.45,طبيعي (Normal)
2026-06-30 02:15:00,50.0,864.99,2432.7,45.32,طبيعي (Normal)
2026-06-30 02:20:00,50.0,862.49,2456.09,45.36,طبيعي (Normal)
2026-06-30 02:25:00,50.0,846.75,2510.78,45.26,طبيعي (Normal)
2026-06-30 02:30:00,50.0,848.9,2438.87,46.85,طبيعي (Normal)
2026-06-30 02:35:00,50.0,848.35,2419.64,45.85,طبيعي (Normal)
2026-06-30 02:40:00,50.0,839.29,2444.6,46.99,طبيعي (Normal)
2026-06-30 02:45:00,50.0,846.99,2435.09,47.06,طبيعي (Normal)
2026-06-30 02:50:00,50.0,850.33,2407.75,45.6,طبيعي (Normal)
2026-06-30 02:55:00,50.0,860.15,2492.95,46.04,طبيعي (Normal)
2026-06-30 03:00:00,50.0,865.51,2409.71,46.61,طبيعي (Normal)
2026-06-30 03:05:00,50.0,820.47,2425.95,45.27,طبيعي (Normal)
2026-06-30 03:10:00,50.0,841.66,2441.12,46.17,طبيعي (Normal)
2026-06-30 03:15:00,50.0,854.87,2485.45,45.67,طبيعي (Normal)
2026-06-30 03:20:00,50.0,884.2,2448.38,45.24,طبيعي (Normal)
2026-06-30 03:25:00,50.0,866.94,2472.27,45.29,طبيعي (Normal)
2026-06-30 03:30:00,50.0,869.92,2429.0,47.46,طبيعي (Normal)
2026-06-30 03:35:00,50.0,863.5,2467.42,48.05,طبيعي (Normal)
2026-06-30 03:40:00,50.0,866.77,2458.23,44.88,طبيعي (Normal)
2026-06-30 03:45:00,50.0,831.47,2438.27,44.91,طبيعي (Normal)
2026-06-30 03:50:00,50.0,838.13,2470.81,45.22,طبيعي (Normal)
2026-06-30 03:55:00,50.0,869.88,2405.79,45.29,طبيعي (Normal)
2026-06-30 04:00:00,50.0,849.74,2460.51,46.87,طبيعي (Normal)
2026-06-30 04:05:00,50.0,858.14,2422.97,45.36,طبيعي (Normal)
2026-06-30 04:10:00,50.0,872.01,2444.05,45.56,طبيعي (Normal)
2026-06-30 04:15:00,50.0,836.81,2448.68,45.54,طبيعي (Normal)
2026-06-30 04:20:00,50.0,862.3,2428.92,47.27,طبيعي (Normal)
2026-06-30 04:25:00,50.0,860.44,2444.24,47.53,طبيعي (Normal)
2026-06-30 04:30:00,50.0,859.6,2495.15,45.77,طبيعي (Normal)
2026-06-30 04:35:00,50.0,842.07,2508.48,45.12,طبيعي (Normal)
2026-06-30 04:40:00,50.0,824.04,2510.38,47.12,طبيعي (Normal)
2026-06-30 04:45:00,50.0,846.44,2458.9,47.09,طبيعي (Normal)
2026-06-30 04:50:00,50.0,860.47,2445.92,48.02,طبيعي (Normal)
2026-06-30 04:55:00,50.0,843.64,2398.56,46.1,طبيعي (Normal)
2026-06-30 05:00:00,50.0,877.05,2414.04,47.12,طبيعي (Normal)
2026-06-30 05:05:00,50.0,847.08,2470.89,44.56,طبيعي (Normal)
2026-06-30 05:10:00,50.0,861.15,2437.21,45.84,طبيعي (Normal)
2026-06-30 05:15:00,50.0,852.35,2399.12,46.02,طبيعي (Normal)
2026-06-30 05:20:00,50.0,845.5,2390.99,45.41,طبيعي (Normal)
2026-06-30 05:25:00,50.0,833.28,2410.95,46.35,طبيعي (Normal)
2026-06-30 05:30:00,50.0,841.99,2418.04,46.66,طبيعي (Normal)
2026-06-30 05:35:00,50.0,864.55,2468.67,45.86,طبيعي (Normal)
2026-06-30 05:40:00,50.0,874.87,2460.58,46.42,طبيعي (Normal)
2026-06-30 05:45:00,50.0,843.71,2458.96,46.39,طبيعي (Normal)
2026-06-30 05:50:00,50.0,862.19,2489.4,45.34,طبيعي (Normal)
2026-06-30 05:55:00,50.0,847.85,2406.47,46.2,طبيعي (Normal)
2026-06-30 06:00:00,50.0,833.74,2413.45,45.55,طبيعي (Normal)
2026-06-30 06:05:00,50.0,823.15,2453.27,45.27,طبيعي (Normal)
2026-06-30 06:10:00,50.0,862.55,2467.78,46.22,طبيعي (Normal)
2026-06-30 06:15:00,50.0,859.7,2427.39,45.84,طبيعي (Normal)
2026-06-30 06:20:00,50.0,826.47,2492.45,46.15,طبيعي (Normal)
2026-06-30 06:25:00,50.0,839.71,2423.21,45.28,طبيعي (Normal)
2026-06-30 06:30:00,50.0,885.26,2439.27,45.39,طبيعي (Normal)
2026-06-30 06:35:00,50.0,841.27,2403.81,46.51,طبيعي (Normal)
2026-06-30 06:40:00,50.0,841.0,2429.65,45.58,طبيعي (Normal)
2026-06-30 06:45:00,50.0,848.47,2411.76,45.6,طبيعي (Normal)
2026-06-30 06:50:00,50.0,852.71,2454.03,44.91,طبيعي (Normal)
2026-06-30 06:55:00,50.0,871.66,2464.31,45.42,طبيعي (Normal)
2026-06-30 07:00:00,50.0,887.5,2412.93,45.38,طبيعي (Normal)
2026-06-30 07:05:00,50.0,841.17,2464.79,44.46,طبيعي (Normal)
2026-06-30 07:10:00,50.0,865.16,2448.19,43.2,طبيعي (Normal)
2026-06-30 07:15:00,50.0,826.97,2477.08,46.68,طبيعي (Normal)
2026-06-30 07:20:00,50.0,831.88,2486.71,45.77,طبيعي (Normal)
2026-06-30 07:25:00,50.0,829.85,2471.55,48.03,طبيعي (Normal)
2026-06-30 07:30:00,50.0,814.8,2405.54,46.16,طبيعي (Normal)
2026-06-30 07:35:00,50.0,846.59,2491.93,45.3,طبيعي (Normal)
2026-06-30 07:40:00,50.0,840.56,2443.23,46.48,طبيعي (Normal)
2026-06-30 07:45:00,50.0,838.04,2481.27,45.55,طبيعي (Normal)
2026-06-30 07:50:00,50.0,830.13,2387.83,47.33,طبيعي (Normal)
2026-06-30 07:55:00,50.0,847.47,2456.74,45.84,طبيعي (Normal)
